-- phpMyAdmin SQL Dump
-- version 5.2.0
-- https://www.phpmyadmin.net/
--
-- Host: localhost:3306
-- Generation Time: May 17, 2025 at 01:33 PM
-- Server version: 8.0.30
-- PHP Version: 8.2.27

SET SQL_MODE = "NO_AUTO_VALUE_ON_ZERO";
START TRANSACTION;
SET time_zone = "+00:00";


/*!40101 SET @OLD_CHARACTER_SET_CLIENT=@@CHARACTER_SET_CLIENT */;
/*!40101 SET @OLD_CHARACTER_SET_RESULTS=@@CHARACTER_SET_RESULTS */;
/*!40101 SET @OLD_COLLATION_CONNECTION=@@COLLATION_CONNECTION */;
/*!40101 SET NAMES utf8mb4 */;

--
-- Database: `event_booking`
--

-- --------------------------------------------------------

--
-- Table structure for table `bookings`
--

CREATE TABLE `bookings` (
  `id` bigint UNSIGNED NOT NULL,
  `user_id` bigint UNSIGNED NOT NULL,
  `event_id` bigint UNSIGNED NOT NULL,
  `tickets` int NOT NULL DEFAULT '1',
  `payment_method` varchar(255) COLLATE utf8mb4_unicode_ci NOT NULL,
  `status` enum('confirmed','cancelled') COLLATE utf8mb4_unicode_ci NOT NULL DEFAULT 'confirmed',
  `created_at` timestamp NULL DEFAULT NULL,
  `updated_at` timestamp NULL DEFAULT NULL
) ENGINE=InnoDB DEFAULT CHARSET=utf8mb4 COLLATE=utf8mb4_unicode_ci;

--
-- Dumping data for table `bookings`
--

INSERT INTO `bookings` (`id`, `user_id`, `event_id`, `tickets`, `payment_method`, `status`, `created_at`, `updated_at`) VALUES
(1, 11, 21, 2, 'paypal', 'confirmed', '2025-05-16 17:20:02', '2025-05-16 17:20:02'),
(2, 12, 22, 4, 'paypal', 'confirmed', '2025-05-16 17:20:02', '2025-05-16 17:20:02'),
(3, 13, 23, 3, 'credit_card', 'confirmed', '2025-05-16 17:20:02', '2025-05-16 17:20:02'),
(4, 14, 24, 5, 'credit_card', 'confirmed', '2025-05-16 17:20:02', '2025-05-16 17:20:02'),
(5, 15, 25, 1, 'credit_card', 'confirmed', '2025-05-16 17:20:02', '2025-05-16 17:20:02'),
(6, 16, 26, 1, 'paypal', 'confirmed', '2025-05-16 17:20:02', '2025-05-16 17:20:02'),
(7, 17, 27, 1, 'paypal', 'confirmed', '2025-05-16 17:20:02', '2025-05-16 17:20:02'),
(8, 18, 28, 3, 'bank_transfer', 'confirmed', '2025-05-16 17:20:02', '2025-05-16 17:20:02'),
(9, 19, 29, 3, 'paypal', 'confirmed', '2025-05-16 17:20:02', '2025-05-16 17:20:02'),
(10, 20, 30, 4, 'bank_transfer', 'confirmed', '2025-05-16 17:20:02', '2025-05-16 17:20:02'),
(11, 21, 31, 4, 'credit_card', 'confirmed', '2025-05-16 17:20:02', '2025-05-16 17:20:02'),
(12, 22, 32, 3, 'credit_card', 'confirmed', '2025-05-16 17:20:02', '2025-05-16 17:20:02'),
(13, 23, 33, 2, 'bank_transfer', 'confirmed', '2025-05-16 17:20:02', '2025-05-16 17:20:02'),
(14, 24, 34, 3, 'credit_card', 'confirmed', '2025-05-16 17:20:02', '2025-05-16 17:20:02'),
(15, 25, 35, 1, 'paypal', 'confirmed', '2025-05-16 17:20:02', '2025-05-16 17:20:02'),
(16, 26, 36, 3, 'paypal', 'confirmed', '2025-05-16 17:20:02', '2025-05-16 17:20:02'),
(17, 27, 37, 5, 'credit_card', 'confirmed', '2025-05-16 17:20:02', '2025-05-16 17:20:02'),
(18, 28, 38, 3, 'paypal', 'confirmed', '2025-05-16 17:20:02', '2025-05-16 17:20:02'),
(19, 29, 39, 2, 'credit_card', 'confirmed', '2025-05-16 17:20:02', '2025-05-16 17:20:02'),
(20, 30, 40, 4, 'paypal', 'confirmed', '2025-05-16 17:20:02', '2025-05-16 17:20:02'),
(21, 31, 41, 3, 'paypal', 'confirmed', '2025-05-16 17:20:02', '2025-05-16 17:20:02'),
(22, 32, 42, 3, 'paypal', 'confirmed', '2025-05-16 17:20:02', '2025-05-16 17:20:02'),
(23, 33, 43, 3, 'credit_card', 'confirmed', '2025-05-16 17:20:02', '2025-05-16 17:20:02'),
(24, 34, 44, 3, 'paypal', 'confirmed', '2025-05-16 17:20:02', '2025-05-16 17:20:02'),
(25, 35, 45, 4, 'credit_card', 'confirmed', '2025-05-16 17:20:02', '2025-05-16 17:20:02'),
(26, 36, 46, 2, 'credit_card', 'confirmed', '2025-05-16 17:20:02', '2025-05-16 17:20:02'),
(27, 37, 47, 2, 'paypal', 'confirmed', '2025-05-16 17:20:02', '2025-05-16 17:20:02'),
(28, 38, 48, 4, 'credit_card', 'confirmed', '2025-05-16 17:20:02', '2025-05-16 17:20:02'),
(29, 39, 49, 1, 'paypal', 'confirmed', '2025-05-16 17:20:02', '2025-05-16 17:20:02'),
(30, 40, 50, 4, 'bank_transfer', 'confirmed', '2025-05-16 17:20:02', '2025-05-16 17:20:02'),
(31, 41, 51, 1, 'bank_transfer', 'confirmed', '2025-05-16 17:20:02', '2025-05-16 17:20:02'),
(32, 42, 52, 3, 'credit_card', 'confirmed', '2025-05-16 17:20:02', '2025-05-16 17:20:02'),
(33, 43, 53, 2, 'credit_card', 'confirmed', '2025-05-16 17:20:02', '2025-05-16 17:20:02'),
(34, 44, 54, 2, 'credit_card', 'confirmed', '2025-05-16 17:20:02', '2025-05-16 17:20:02'),
(35, 45, 55, 2, 'paypal', 'confirmed', '2025-05-16 17:20:02', '2025-05-16 17:20:02'),
(36, 46, 56, 5, 'credit_card', 'confirmed', '2025-05-16 17:20:02', '2025-05-16 17:20:02'),
(37, 47, 57, 5, 'credit_card', 'confirmed', '2025-05-16 17:20:02', '2025-05-16 17:20:02'),
(38, 48, 58, 3, 'credit_card', 'confirmed', '2025-05-16 17:20:02', '2025-05-16 17:20:02'),
(39, 49, 59, 2, 'paypal', 'confirmed', '2025-05-16 17:20:02', '2025-05-16 17:20:02'),
(40, 50, 60, 5, 'bank_transfer', 'confirmed', '2025-05-16 17:20:02', '2025-05-16 17:20:02'),
(41, 51, 61, 4, 'bank_transfer', 'confirmed', '2025-05-16 17:20:02', '2025-05-16 17:20:02'),
(42, 52, 62, 5, 'credit_card', 'confirmed', '2025-05-16 17:20:02', '2025-05-16 17:20:02'),
(43, 53, 63, 2, 'credit_card', 'confirmed', '2025-05-16 17:20:02', '2025-05-16 17:20:02'),
(44, 54, 64, 5, 'bank_transfer', 'confirmed', '2025-05-16 17:20:02', '2025-05-16 17:20:02'),
(45, 55, 65, 4, 'paypal', 'confirmed', '2025-05-16 17:20:02', '2025-05-16 17:20:02'),
(46, 56, 66, 2, 'credit_card', 'confirmed', '2025-05-16 17:20:02', '2025-05-16 17:20:02'),
(47, 57, 67, 4, 'paypal', 'confirmed', '2025-05-16 17:20:02', '2025-05-16 17:20:02'),
(48, 58, 68, 4, 'paypal', 'confirmed', '2025-05-16 17:20:02', '2025-05-16 17:20:02'),
(49, 59, 69, 2, 'bank_transfer', 'confirmed', '2025-05-16 17:20:02', '2025-05-16 17:20:02'),
(50, 60, 70, 3, 'paypal', 'confirmed', '2025-05-16 17:20:02', '2025-05-16 17:20:02'),
(51, 61, 71, 5, 'credit_card', 'confirmed', '2025-05-16 17:29:59', '2025-05-16 17:29:59');

-- --------------------------------------------------------

--
-- Table structure for table `categories`
--

CREATE TABLE `categories` (
  `id` bigint UNSIGNED NOT NULL,
  `name` varchar(255) COLLATE utf8mb4_unicode_ci NOT NULL,
  `description` text COLLATE utf8mb4_unicode_ci,
  `created_at` timestamp NULL DEFAULT NULL,
  `updated_at` timestamp NULL DEFAULT NULL
) ENGINE=InnoDB DEFAULT CHARSET=utf8mb4 COLLATE=utf8mb4_unicode_ci;

--
-- Dumping data for table `categories`
--

INSERT INTO `categories` (`id`, `name`, `description`, `created_at`, `updated_at`) VALUES
(1, 'ورش عمل', 'حتى أكسب أنا فألحوا علي ولم أطعهم بل أقمنا في.', '2025-05-16 17:20:01', '2025-05-16 17:20:01'),
(2, 'عزف وغناء', 'وألبسته حلة من الملابس الفاخرة وأكلت أنا وإياه.', '2025-05-16 17:20:01', '2025-05-16 17:20:01'),
(3, 'ندوات', 'بي فلم أشعر إلا وزوجتي قالت هؤلاء إخوتك فقلت من.', '2025-05-16 17:20:01', '2025-05-16 17:20:01'),
(4, 'رياضة', 'ابنك وحشاشة كبدك فقلت لها: بالله لا تفعلي فإن.', '2025-05-16 17:20:01', '2025-05-16 17:20:01'),
(5, 'كورسات', 'عجيبة وقد وهبت لك ثلث دمه في جنايته فعند ذلك.', '2025-05-16 17:20:01', '2025-05-16 17:20:01'),
(6, 'كتب ومطالعة', 'فرغ من أكل التمرة رمى النواة وإذا هو بعفريت طويل.', '2025-05-16 17:20:01', '2025-05-16 17:20:01'),
(7, 'عروض كوميدية', 'عندهم إلى تمام السنة ثم توجه وأخذ كفنه تحت إبطه.', '2025-05-16 17:20:01', '2025-05-16 17:20:01'),
(8, 'موسيقى', 'ثم حكيت لها ما جرى لي معهم من أول الزمان إلى.', '2025-05-16 17:20:01', '2025-05-16 17:20:01'),
(9, 'أنشطة للشباب', 'الصباح حتى جئت إليك لأعلمك فلما سمعت أيها الجني.', '2025-05-16 17:20:01', '2025-05-16 17:20:01'),
(10, 'أمسيات شعرية', 'على شاطئ البحر جارية عليها خلق مقطع فقبلت يدي.', '2025-05-16 17:20:01', '2025-05-16 17:20:01'),
(11, 'رياضة', 'من البيت فخرجت من الباب ولم أزل سائرًا حتى وصلت.', '2025-05-16 17:20:01', '2025-05-16 17:20:01'),
(12, 'تكنولوجيا', 'الثانية قالت دنيازاد لأختها شهرزاد: يا أختي ما.', '2025-05-16 17:20:01', '2025-05-16 17:20:01'),
(13, 'عروض مسرحية', 'وقلت له: ائتني بعجل سمين فأتاني بولدي المسحور.', '2025-05-16 17:20:01', '2025-05-16 17:20:01'),
(14, 'ألعاب أطفال', 'البدر إذا بدا بعينين مليحتين وحاجبين مزججين.', '2025-05-16 17:20:01', '2025-05-16 17:20:01'),
(15, 'موسيقى', 'وطارت فوضعتني على سطح داري ففتحت الأبواب وأخرجت.', '2025-05-16 17:20:01', '2025-05-16 17:20:01'),
(16, 'ألعاب أطفال', 'الليلة أطير إليهم وأغرق مراكبهم وأهلكهم فقلت.', '2025-05-16 17:20:01', '2025-05-16 17:20:01'),
(17, 'تسوق ومعارض', 'مثل ما قتلت ولدي فقال له التاجر: كيف قتلت ولدك.', '2025-05-16 17:20:01', '2025-05-16 17:20:01'),
(18, 'أنشطة للشباب', 'إنسانًا فوقعت عليه وقلت للراعي ائتني ببقرة ودع.', '2025-05-16 17:20:01', '2025-05-16 17:20:01'),
(19, 'تصوير', 'كفي المسيء فعله وهم إخوتي على كل حال قالت لا بد.', '2025-05-16 17:20:01', '2025-05-16 17:20:01'),
(20, 'معارض فن', 'باقي دمه وأدرك شهرزاد الصباح فسكتت عن الكلام.', '2025-05-16 17:20:01', '2025-05-16 17:20:01'),
(21, 'رحلات', 'ففي ثاني يوم وأنا جالس وإذا بالراعي أقبل علي.', '2025-05-16 17:20:01', '2025-05-16 17:20:01'),
(22, 'تكنولوجيا', 'حكاية أعجب من حكاية ذلك الكلام العجيب ثم قال.', '2025-05-16 17:20:01', '2025-05-16 17:20:01'),
(23, 'عروض كوميدية', 'مشوقة و اتمنى ان تقرأوا القصة التالية لانها.', '2025-05-16 17:20:01', '2025-05-16 17:20:01'),
(24, 'أنشطة للشباب', 'دكاكيننا نبيع ونشتري سنة كاملة وهم يعرضون علي.', '2025-05-16 17:20:01', '2025-05-16 17:20:01'),
(25, 'مؤتمرات', 'دينار وجهزنا بضائع واكترينا مركبًا ونقلنا فيها.', '2025-05-16 17:20:01', '2025-05-16 17:20:01'),
(26, 'كورسات', 'فعند ذلك تقدم الشيخ الثالث صاحب البغلة وقال.', '2025-05-16 17:20:01', '2025-05-16 17:20:01'),
(27, 'موسيقى', 'بعض البلاد فاشتد عليه الحر فجلس تحت شجرة وحط يده.', '2025-05-16 17:20:01', '2025-05-16 17:20:01'),
(28, 'موسيقى', 'الملك إلى محل حكمه ودخل عليه الوزير والعسكر.', '2025-05-16 17:20:01', '2025-05-16 17:20:01'),
(29, 'تصوير', 'فجئتك بالحال الذي رأيتني فيه فتزوجت بي وها أنا.', '2025-05-16 17:20:01', '2025-05-16 17:20:01'),
(30, 'برمجة', 'عليها فنظرت إليه ابنتي وغطت وجهها وبكت ثم إنها.', '2025-05-16 17:20:01', '2025-05-16 17:20:01'),
(31, 'ورش عمل', 'الأولى فصرت إلى صورتي الأولى فقبلت يدها وقلت.', '2025-05-16 17:20:01', '2025-05-16 17:20:01'),
(32, 'مهرجانات', 'لي إلى أن وصل إلى ذلك البستان وكان ذلك اليوم أول.', '2025-05-16 17:20:01', '2025-05-16 17:20:01'),
(33, 'رياضة', 'به فقال أبوها أين الرجل قالت إن هذا الكلب سحرته.', '2025-05-16 17:20:01', '2025-05-16 17:20:01'),
(34, 'تكنولوجيا', 'بي بيته فلما رأتني بنت الجزار غطت وجهها مني.', '2025-05-16 17:20:01', '2025-05-16 17:20:01'),
(35, 'ندوات', 'لي جميع ما جرى لهما فقلت: يا ولدي قد قيض الله لك.', '2025-05-16 17:20:01', '2025-05-16 17:20:01'),
(36, 'رياضة', 'وأعطي كل ذي حق حقه ثم أعود إليك ولك علي عهد.', '2025-05-16 17:20:01', '2025-05-16 17:20:01'),
(37, 'تصوير', 'وأقبلت عليها وأكرمتها ثم سافرنا وقد أحبها قلبي.', '2025-05-16 17:20:01', '2025-05-16 17:20:01'),
(38, 'رياضة', 'يكون وهذا حديثي فقال الجني: هذا حديث عجيب وقد.', '2025-05-16 17:20:01', '2025-05-16 17:20:01'),
(39, 'تسوق ومعارض', 'وهبت لك ثلث دمه فقال ذلك الشيخ الأول: اتعلم يا.', '2025-05-16 17:20:01', '2025-05-16 17:20:01'),
(40, 'تصوير', 'الذي رأيتني فيه فتزوجت بي وها أنا قد نجيتك من.', '2025-05-16 17:20:01', '2025-05-16 17:20:01'),
(41, 'أنشطة للأطفال', 'منه الجني وأطلقه فرجع إلى بلده وما هذه بأعجب من.', '2025-05-16 17:20:01', '2025-05-16 17:20:01'),
(42, 'كتب ومطالعة', 'حتى أقتلك مثل ما قتلت ولدي فقال له التاجر: كيف.', '2025-05-16 17:20:01', '2025-05-16 17:20:01'),
(43, 'ندوات', 'بيتي وأعطي كل ذي حق حقه ثم أعود إليك ولك علي عهد.', '2025-05-16 17:20:01', '2025-05-16 17:20:01'),
(44, 'كتب ومطالعة', 'عليك بعدم السفر فبكى وقال: يا أخي قدر الله عز.', '2025-05-16 17:20:01', '2025-05-16 17:20:01'),
(45, 'أنشطة للأطفال', 'علي منه قليلًا وقالت: اخرج من هذه الصورة إلى.', '2025-05-16 17:20:01', '2025-05-16 17:20:01'),
(46, 'مسابقات', 'فقبلت يدها وقلت لها: أريد أن تسحري زوجتي كما.', '2025-05-16 17:20:01', '2025-05-16 17:20:01'),
(47, 'أمسيات شعرية', 'على شاطئ البحر جارية عليها خلق مقطع فقبلت يدي.', '2025-05-16 17:20:01', '2025-05-16 17:20:01'),
(48, 'بطولات', 'عجيب ثم باتوا تلك الليلة إلى الصباح فخرج الملك.', '2025-05-16 17:20:01', '2025-05-16 17:20:01'),
(49, 'رياضة', 'أني على دين ولي مال كثير وأولاد وزوجة وعندي رهون.', '2025-05-16 17:20:01', '2025-05-16 17:20:01'),
(50, 'عروض مسرحية', 'دين ولي مال كثير وأولاد وزوجة وعندي رهون فدعني.', '2025-05-16 17:20:01', '2025-05-16 17:20:01'),
(51, 'كورسات', 'يد أبيك من المواشي والأموال فتبسمت وقالت: يا أبي.', '2025-05-16 17:20:01', '2025-05-16 17:20:01'),
(52, 'كورسات', 'في ذلك فقال لها الملك: وما حكاية الصياد؟يا ناس.', '2025-05-16 17:20:01', '2025-05-16 17:20:01'),
(53, 'كتب ومطالعة', 'فتعجبت من ذلك فتعجب الوزير غاية العجب وما صدقت.', '2025-05-16 17:20:01', '2025-05-16 17:20:01'),
(54, 'أمسيات شعرية', 'ونتسبب فيها قالوا: نعم الرأي فأخذت المال وقسمته.', '2025-05-16 17:20:01', '2025-05-16 17:20:01'),
(55, 'عروض كوميدية', 'وأمه فهذا سبب ضحكي وأما سبب بكائي فمن أجل أمه.', '2025-05-16 17:20:01', '2025-05-16 17:20:01'),
(56, 'عزف وغناء', 'تحت يد أبيك من المواشي والأموال فتبسمت وقالت: يا.', '2025-05-16 17:20:01', '2025-05-16 17:20:01'),
(57, 'أنشطة للأطفال', 'من الماء وقالت إذا رأيتها نائمة فرش هذا الماء.', '2025-05-16 17:20:01', '2025-05-16 17:20:01'),
(58, 'ورش عمل', 'وأقيم عليه العياط والصراخ فمشى إلى أن أتيت إلى.', '2025-05-16 17:20:01', '2025-05-16 17:20:01'),
(59, 'عروض كوميدية', 'فلما رأتني عجلت وقامت إلي بكوز فيه ماء فتكلمت.', '2025-05-16 17:20:01', '2025-05-16 17:20:01'),
(60, 'تصوير', 'من التجار كثير المال والمعاملات في البلاد قد ركب.', '2025-05-16 17:20:01', '2025-05-16 17:20:01'),
(61, 'كتب ومطالعة', 'في دكاكيننا نبيع ونشتري سنة كاملة وهم يعرضون علي.', '2025-05-16 17:20:01', '2025-05-16 17:20:01'),
(62, 'موسيقى', 'نعم إن عندي الإحسان والمعروف ولو لم تجازيني.', '2025-05-16 17:20:02', '2025-05-16 17:20:02'),
(63, 'رحلات', 'الرأفة عليه وقلت له: يا أخي قدر الله عز وجل علي.', '2025-05-16 17:20:02', '2025-05-16 17:20:02'),
(64, 'عروض مسرحية', 'ونشتري سنة كاملة ثم قضيت سفري وجئت إليها في.', '2025-05-16 17:20:02', '2025-05-16 17:20:02'),
(65, 'عروض كوميدية', 'نحسب ما عندنا من المال فحسبناه فإذا هو ستة آلاف.', '2025-05-16 17:20:02', '2025-05-16 17:20:02'),
(66, 'رحلات', 'سمعت أيها الجني كلام هذا الراعي خرجت معه وأنا.', '2025-05-16 17:20:02', '2025-05-16 17:20:02'),
(67, 'معارض فن', 'نعم. يا أيها الشيخ إذا أنت حكيت لي الحكاية.', '2025-05-16 17:20:02', '2025-05-16 17:20:02'),
(68, 'رحلات', 'خمس عشرة سنة فطرأت لي سفرة إلى بعض المدن فسافرت.', '2025-05-16 17:20:02', '2025-05-16 17:20:02'),
(69, 'طبخ', 'سيدي تزوجني وخذني إلى بلادك فإني قد وهبتك نفسي.', '2025-05-16 17:20:02', '2025-05-16 17:20:02'),
(70, 'طبخ', 'على كل حال قالت لا بد من قتلهم فاستعطفتها ثم.', '2025-05-16 17:20:02', '2025-05-16 17:20:02'),
(71, 'رياضة', 'ذلك العفريت وبسبب قعوده في هذا منهم الشيخ الأول.', '2025-05-16 17:20:02', '2025-05-16 17:20:02'),
(72, 'مؤتمرات', 'وحسدوني على مالي وكثرت بضاعتي وطمحت عيونهم في.', '2025-05-16 17:20:02', '2025-05-16 17:20:02'),
(73, 'برمجة', 'وأنا حزين القلب باكي العين إلى أن جاء عيد الضحية.', '2025-05-16 17:20:02', '2025-05-16 17:20:02'),
(74, 'أنشطة عائلية', 'الجني كلام هذا الراعي خرجت معه وأنا سكران من غير.', '2025-05-16 17:20:02', '2025-05-16 17:20:02'),
(75, 'رياضة', 'في كلام وغنج وضحك وتقبيل وهراش فلما رأتني عجلت.', '2025-05-16 17:20:02', '2025-05-16 17:20:02'),
(76, 'بطولات', 'كل واحد إلى بلده وقضى جميع تعلقاته وأوصل الحقوق.', '2025-05-16 17:20:21', '2025-05-16 17:20:21'),
(77, 'رحلات', 'مباح. فلما سمعت حكايتها تعجبت وشكرتها على فعلها.', '2025-05-16 17:20:21', '2025-05-16 17:20:21'),
(78, 'عزف وغناء', 'هذا حديث عجيب وقد وهبت لك ثلث دمه في جنايته فعند.', '2025-05-16 17:20:21', '2025-05-16 17:20:21'),
(79, 'برمجة', 'الكلبتين أخوتي وأنا ثالثهم ومات والدي وخلف لنا.', '2025-05-16 17:20:21', '2025-05-16 17:20:21'),
(80, 'عزف وغناء', 'أقمنا في دكاكيننا نبيع ونشتري سنة كاملة ثم قضيت.', '2025-05-16 17:20:21', '2025-05-16 17:20:21'),
(81, 'عزف وغناء', 'سحرتها تلك الغزالة فشمرت ثيابي وأخذت السكين بيدي.', '2025-05-16 17:20:21', '2025-05-16 17:20:21'),
(82, 'أمسيات شعرية', 'العجب وما صدقت بطلوع الصباح حتى جئت إليك لأعلمك.', '2025-05-16 17:20:21', '2025-05-16 17:20:21'),
(83, 'بطولات', 'بهم هذا الفعل قالت أنا أرسلت إلى أختي ففعلت بهم.', '2025-05-16 17:20:21', '2025-05-16 17:20:21'),
(84, 'مؤتمرات', 'معهم من أول الزمان إلى آخره. فلما سمعت حكايتها.', '2025-05-16 17:20:21', '2025-05-16 17:20:21'),
(85, 'تكنولوجيا', 'ثلاثين سنة فلم أرزق منها بولد ذكر كأنه البدر إذا.', '2025-05-16 17:20:21', '2025-05-16 17:20:21'),
(86, 'فاخر جدا', 'لا يوجد وصف', '2025-05-16 18:04:05', '2025-05-16 18:04:05');

-- --------------------------------------------------------

--
-- Table structure for table `events`
--

CREATE TABLE `events` (
  `id` bigint UNSIGNED NOT NULL,
  `title` varchar(255) COLLATE utf8mb4_unicode_ci NOT NULL,
  `description` text COLLATE utf8mb4_unicode_ci NOT NULL,
  `category_id` bigint UNSIGNED NOT NULL,
  `date` datetime NOT NULL,
  `venue` varchar(255) COLLATE utf8mb4_unicode_ci NOT NULL,
  `price` decimal(8,2) NOT NULL,
  `is_featured` tinyint(1) NOT NULL DEFAULT '0',
  `capacity` int NOT NULL,
  `image` varchar(255) COLLATE utf8mb4_unicode_ci DEFAULT NULL,
  `deleted_at` timestamp NULL DEFAULT NULL,
  `created_at` timestamp NULL DEFAULT NULL,
  `updated_at` timestamp NULL DEFAULT NULL
) ENGINE=InnoDB DEFAULT CHARSET=utf8mb4 COLLATE=utf8mb4_unicode_ci;

--
-- Dumping data for table `events`
--

INSERT INTO `events` (`id`, `title`, `description`, `category_id`, `date`, `venue`, `price`, `is_featured`, `capacity`, `image`, `deleted_at`, `created_at`, `updated_at`) VALUES
(1, 'Accusamus sequi dolorem.', 'إننا نحسب ما عندنا من المال فحسبناه فإذا هو ستة آلاف دينار فقلت: ندفن نصفها تحت الأرض لينفعا إذا أصابنا أمر ويأخذ كل واحد إلى بلده وما هذه بأعجب من حكاية الاثنين وتهب لي باقي دمه وجنايته فقال الجني.', 6, '2026-02-08 04:17:42', 'باب الشعرية', '402.00', 0, 141, 'https://picsum.photos/640/480?random=803', NULL, '2025-05-16 17:20:01', '2025-05-16 17:20:01'),
(2, 'Magni numquam perspiciatis.', 'وتدخل علينا به فقال أبوها أين الرجل قالت إن هذا الكلب سحرته امرأة وأنا أقدر على تخليصه فلما سمع أبوها كلامها قال: بالله عليك يا بنتي خلصيه فأخذت كوزًا فيه ماء فتكلمت عليه ورشتني وقالت اخرج من هذه.', 7, '2025-07-03 22:53:12', 'الدقي', '141.00', 0, 114, 'https://picsum.photos/640/480?random=513', NULL, '2025-05-16 17:20:01', '2025-05-16 17:20:01'),
(3, 'Tenetur qui harum dicta.', 'حتى جئت إليك لأعلمك فلما سمعت كلامي أخذت طاسة وملأتها ماء ثم أنها عزمت عليها ورشت بها العجل وقالت: إن كان الله خلقك عجلًا فدم على هذه الصفة ولا تتغير وإن كنت مسحورًا فعد إلى خلقتك الأولى بإذن الله.', 8, '2025-08-26 13:11:21', 'الرحاب', '75.00', 0, 102, 'https://picsum.photos/640/480?random=945', NULL, '2025-05-16 17:20:01', '2025-05-16 17:20:01'),
(4, 'Officiis exercitationem ullam.', 'ما تحت يد أبيك من المواشي والأموال فتبسمت وقالت: يا أبي قد خس قدري عندك حتى تدخل علي الرجال الأجانب. فقلت لها: بالله لا تفعلي فإن صاحب المثل يقول: يا محسنًا لمن أساء كفي المسيء فعله وهم إخوتي على كل.', 9, '2025-07-04 18:56:21', 'المنيب', '325.00', 0, 56, 'https://picsum.photos/640/480?random=367', NULL, '2025-05-16 17:20:01', '2025-05-16 17:20:01'),
(5, 'Incidunt sed similique voluptate.', 'ففي ثاني يوم وأنا جالس وإذا بالراعي أقبل علي وقال: يا أخي أما أشرت عليك بعدم السفر فبكى وقال: يا أخي إني أحسب ربح دكاني من السنة إلى السنة ثم توجه وأخذ كفنه تحت إبطه ثم حكم الملك وولي وعزل إلى آخر.', 10, '2026-05-08 11:03:09', 'سراي القبة', '369.00', 0, 121, 'https://picsum.photos/640/480?random=634', NULL, '2025-05-16 17:20:01', '2025-05-16 17:20:01'),
(6, 'Velit voluptas in sapiente.', 'الصباح فسكتت عن الكلام المباح. فقالت لها أختها: يا أختي أتممي لنا حديثك فقالت حبًا وكرامة بلغني أيها الملك السعيد أن التاجر أقبل على الشيوخ وشكرهم هنوه بالسلامة ورجع كل واحد منهم ألف دينار ونتسبب.', 11, '2025-06-01 14:24:00', 'المطار', '174.00', 0, 74, 'https://picsum.photos/640/480?random=640', '2025-05-16 18:31:54', '2025-05-16 17:20:01', '2025-05-16 18:31:54'),
(7, 'Eum nemo et.', 'وغنج وضحك وتقبيل وهراش فلما رأتني بنت الجزار غطت وجهها مني فقالت أتجيء لنا برجل وتدخل علينا به فقال أبوها أين الرجل قالت إن هذا الكلب سحرته امرأة وأنا أقدر على تخليصه فلما سمع أبوها كلامها قال.', 12, '2025-12-11 17:26:47', 'شبرا', '208.00', 0, 155, 'https://picsum.photos/640/480?random=630', NULL, '2025-05-16 17:20:01', '2025-05-16 17:20:01'),
(8, 'Nesciunt nostrum deleniti eius numquam.', 'قالت إن هذا الكلب سحرته امرأة وأنا أقدر على تخليصه فلما سمع أبوها كلامها قال: بالله عليك احك لي جميع ما جرى لي معهم من أول الزمان إلى آخره. فلما سمعت أيها الجني كلام هذا الراعي خرجت معه وأنا سكران.', 13, '2026-05-10 18:40:43', 'الشيخ زايد', '487.00', 0, 114, 'https://picsum.photos/640/480?random=322', NULL, '2025-05-16 17:20:01', '2025-05-16 17:20:01'),
(9, 'Minima aut corrupti id.', 'يريده الله عز وجل وفرحت غاية الفرح وقسمت الربح بيني وبينه شطرين وأقمنا مع بعضنا أيامًا ثم إن العجل جاء إلي وتمرغ علي فقلت لابنة الراعي: أحق ما تقولينه عن ذلك العجل قطع حبله وجاءني وتمرغ علي فقلت.', 14, '2025-09-10 01:49:03', 'حلوان', '389.00', 0, 197, 'https://picsum.photos/640/480?random=711', NULL, '2025-05-16 17:20:01', '2025-05-16 17:20:01'),
(10, 'Atque accusamus et expedita sit.', 'إخوتك فقلت من فعل بهم هذا الفعل قالت أنا أرسلت إلى أختي ففعلت بهم ذلك وما يتخلصون إلا بعد عشر سنوات في هذا المكان وأنت منفرد وهو مأوى الجن فأخبره التاجر بما جرى له فبكوا وكذلك جميع أهله ونساءه.', 15, '2026-02-06 21:27:41', 'السادس من اكتوير', '194.00', 0, 50, 'https://picsum.photos/640/480?random=40', NULL, '2025-05-16 17:20:01', '2025-05-16 17:20:01'),
(11, 'Quo qui unde temporibus.', 'فمشى إلى أن أتيت إلى داره فرحبت بي ابنة الراعي ثم جئت أنا بعد مدة طويلة من السفر فسألت عن ولدي وعن أمه فقالت لي جاريتك ماتت وابنك هرب ولم أعلم أين راح فجلست مدة سنة مع القوافل ثم أتى وما معه شيء.', 16, '2026-04-06 12:50:35', 'كوتسيكا', '128.00', 0, 128, 'https://picsum.photos/640/480?random=944', NULL, '2025-05-16 17:20:01', '2025-05-16 17:20:01'),
(12, 'Itaque possimus autem.', 'فلما سمعت كلامها حن قلبي إليها لأمر يريده الله عز وجل وفرحت غاية الفرح وقسمت الربح بيني وبينه شطرين وأقمنا مع بعضنا أيامًا ثم إن العجل جاء إلي وتمرغ علي وولول وبكى فأخذتني الرأفة عليه وقلت له: بالله.', 17, '2025-12-27 20:24:15', 'جاردن سيتي', '281.00', 0, 147, 'https://picsum.photos/640/480?random=626', NULL, '2025-05-16 17:20:01', '2025-05-16 17:20:01'),
(13, 'Dolores in amet.', 'فحمدت الله عز وجل فأخذتها وكسوتها وفرشت لها في المركب فرشًا حسنًا وأقبلت عليها وأكرمتها ثم سافرنا وقد أحبها قلبي محبة عظيمة وصرت لا أفارقها ليلًا ولا نهارًا أو اشتغلت بها عن إخوتي فغاروا مني وحسدوني.', 18, '2026-01-27 09:26:34', 'حلوان', '387.00', 0, 85, 'https://picsum.photos/640/480?random=906', NULL, '2025-05-16 17:20:01', '2025-05-16 17:20:01'),
(14, 'Quae quos.', 'الشيخ الأول وهو صاحب الغزالة وقبل يد ذلك العفريت وقال له: اعلم يا سيد ملوك الجان ثم التفت إليها وقال: أصحيح هذا فهزت رأسها وقالت بالإشارة نعم هذا صحيح فلما فرغ من أكل التمرة رمى النواة وإذا هو.', 19, '2025-09-11 20:40:24', 'السيدة زينب', '461.00', 0, 163, 'https://picsum.photos/640/480?random=236', NULL, '2025-05-16 17:20:01', '2025-05-16 17:20:01'),
(15, 'Provident enim vel sapiente.', 'سنة وأنا حزين القلب باكي العين إلى أن صار ابن خمس عشرة سنة فطرأت لي سفرة إلى بعض المدن فسافرت بمتجر عظيم وكانت بنت عمي هذه الغزالة تنظر وترى وتقول اذبح هذا العجل فإنه سمين فلم يهن علي أن أذبحه وأمرت.', 20, '2025-09-09 23:08:58', 'العاشر من رمضان', '153.00', 0, 129, 'https://picsum.photos/640/480?random=997', NULL, '2025-05-16 17:20:01', '2025-05-16 17:20:01'),
(16, 'Veniam voluptatum fugit.', 'أتهب لي ثلث دم هذا التاجر قال: نعم. يا أيها العفريت أني على دين ولي مال كثير وأولاد وزوجة وعندي رهون فدعني أذهب إلى بيتي وأعطي كل ذي حق حقه ثم أعود إليك ولك علي عهد وميثاق أني أعود إليك ولك علي عهد.', 21, '2025-12-14 15:26:08', 'التجمع التالت', '366.00', 0, 172, 'https://picsum.photos/640/480?random=538', NULL, '2025-05-16 17:20:01', '2025-05-16 17:20:01'),
(17, 'Et ratione ipsa itaque.', 'من العظام. فلما رآني صاحب الدكان أخذني ودخل بي بيته فلما رأتني بنت الجزار غطت وجهها مني فقالت أتجيء لنا برجل وتدخل علينا به فقال أبوها أين الرجل قالت إن هذا الكلب سحرته امرأة وأنا أقدر على تخليصه.', 22, '2026-05-12 16:16:04', 'الحسين', '100.00', 0, 138, 'https://picsum.photos/640/480?random=680', NULL, '2025-05-16 17:20:01', '2025-05-16 17:20:01'),
(18, 'Omnis ex suscipit enim vel.', 'والله على ما يحصل له وإذا بشيخ كبير قد أقبل عليه ومعه غزالة مسلسلة فسلم على هذا التاجر وحياه وقال له: ما سبب جلوسك في هذا منهم الشيخ الأول وهو صاحب الغزالة وقبل يد ذلك العفريت وبسبب قعوده في هذا.', 23, '2025-11-15 08:20:03', 'جسر السويس', '384.00', 0, 78, 'https://picsum.photos/640/480?random=520', NULL, '2025-05-16 17:20:01', '2025-05-16 17:20:01'),
(19, 'Minus enim libero aliquid.', 'غير مدام من كثرة الفرح والسرور والذي حصل لي إلى أن وصل إلى ذلك البستان وكان ذلك اليوم أول السنة الجديدة فبينما هو جالس يبكي على ما يحصل له وإذا بشيخ كبير قد أقبل عليه ومعه غزالة مسلسلة فسلم على هذا.', 24, '2026-05-13 15:23:54', 'السيدة زينب', '170.00', 0, 107, 'https://picsum.photos/640/480?random=631', NULL, '2025-05-16 17:20:01', '2025-05-16 17:20:01'),
(20, 'Et ab sapiente sapiente.', 'وفتحت دكاني بعد ما سلمت على الناس واشتريت بضائع فلما كان الليل دخلت داري فوجدت هاتين الكلبتين مربوطتين فيها فلما رأياني قاما إلي وبكيا وتعلقا بي فلم أشعر إلا وزوجتي قالت هؤلاء إخوتك فقلت من فعل بهم.', 25, '2025-10-10 18:03:44', 'فيصل', '185.00', 0, 125, 'https://picsum.photos/640/480?random=750', NULL, '2025-05-16 17:20:01', '2025-05-16 17:20:01'),
(21, 'Quos est suscipit.', 'الذي رأيتني فيه فتزوجت بي وها أنا قد نجيتك من الغرق وقد غضبت على إخوتك ولا بد أن أقتلهم. فلما سمعت أيها الجني كلام هذا الراعي خرجت معه وأنا سكران من غير مدام من كثرة الفرح والسرور والذي حصل لي إلى.', 26, '2026-04-03 21:26:31', 'غمرة', '137.00', 0, 91, 'https://picsum.photos/640/480?random=484', NULL, '2025-05-16 17:20:01', '2025-05-16 17:20:01'),
(22, 'In quod sed corporis et.', 'الكلب سحرته امرأة وأنا أقدر على تخليصه فلما سمع أبوها كلامها قال: بالله عليك يا بنتي خلصيه فأخذت كوزًا فيه ماء فتكلمت عليه ورشتني وقالت اخرج من هذه الصورة إلى صورتك الأولى فصرت إلى صورتي الأولى.', 27, '2026-04-25 22:43:32', 'الحسين', '337.00', 0, 73, 'https://picsum.photos/640/480?random=770', NULL, '2025-05-16 17:20:01', '2025-05-16 17:20:01'),
(23, 'Distinctio voluptatem unde.', 'السلاقيتين وقال له: قم حتى أقتلك مثل ما قتلت ولدي فقال له التاجر: كيف قتلت ولدك قال له: لما أكلت التمرة ورميت نواتها جاءت النواة في صدر ولدي فقضي عليه ومات من ساعته فقال التاجر للعفريت: أعلم أيها.', 28, '2025-12-17 02:45:19', 'باب الشعرية', '477.00', 0, 64, 'https://picsum.photos/640/480?random=950', NULL, '2025-05-16 17:20:01', '2025-05-16 17:20:01'),
(24, 'Repellendus perferendis nemo.', 'لي سفرة إلى بعض المدن فسافرت بمتجر عظيم وكانت بنت عمي هذه الغزالة وجئت إلى هنا فرأيت هؤلاء الجماعة فسألتهم عن حالهم فأخبروني بما جرى له فبكوا وكذلك جميع أهله ونساءه وأولاده وأوصى وقعد عندهم إلى تمام.', 29, '2025-10-14 17:56:00', 'جسر السويس', '141.00', 0, 95, 'https://picsum.photos/640/480?random=364', NULL, '2025-05-16 17:20:01', '2025-05-16 17:20:01'),
(25, 'Qui modi inventore.', 'أعلم أين راح فجلست مدة سنة مع القوافل ثم أتى وما معه شيء فقلت له: يا أيها الجني زوجته ابنة الراعي ثم أنها حملتني وطارت فوضعتني على سطح داري ففتحت الأبواب وأخرجت الذي خبأته تحت الأرض وفتحت دكاني بعد.', 30, '2026-04-11 03:58:48', 'التجمع الاول', '359.00', 0, 102, 'https://picsum.photos/640/480?random=464', NULL, '2025-05-16 17:20:01', '2025-05-16 17:20:01'),
(26, 'Velit qui accusamus est.', 'سفركم حتى أكسب أنا فألحوا علي ولم أطعهم بل أقمنا في دكاكيننا نبيع ونشتري سنة كاملة وهم يعرضون علي السفر وأنا لم أرض حتى مضت ست سنوات كوامل. ثم وافقتهم على السفر وقلت لهم: أي شيء كسبتم من سفركم حتى.', 31, '2026-04-05 15:21:11', 'حدائق القبة', '448.00', 0, 127, 'https://picsum.photos/640/480?random=57', NULL, '2025-05-16 17:20:01', '2025-05-16 17:20:01'),
(27, 'Excepturi iusto dolor et.', 'وبينه شطرين وأقمنا مع بعضنا أيامًا ثم إن أخوتي طلبوا السفر أيضًا وأرادوا أن أسافر معهم فلم أرض وقلت لهم: يا أخوتي إننا نحسب ما عندنا من المال فحسبناه فإذا هو ستة آلاف دينار فقلت: ندفن نصفها تحت.', 32, '2026-03-22 01:57:28', 'حدائق المعادي', '187.00', 0, 110, 'https://picsum.photos/640/480?random=276', NULL, '2025-05-16 17:20:01', '2025-05-16 17:20:01'),
(28, 'Dolor animi aspernatur.', 'جنايته فعند ذلك تقدم الشيخ الثالث صاحب البغلة وقال للجني أنا أحكي لك حكاية أعجب من حكاية الصياد فقال لها الملك: وما حكاية الصياد؟يا ناس اقرأو الكتب فالكتب مشوقة و اتمنى ان تقرأوا القصة التالية لانها.', 33, '2025-12-24 09:58:23', 'هارون', '469.00', 0, 70, 'https://picsum.photos/640/480?random=908', NULL, '2025-05-16 17:20:01', '2025-05-16 17:20:01'),
(29, 'Non possimus dicta.', 'فاستعطفتها ثم أنها عزمت عليها ورشت بها العجل وقالت: إن كان الله خلقك عجلًا فدم على هذه الصفة ولا تتغير وإن كنت مسحورًا فعد إلى خلقتك الأولى بإذن الله تعالى وإذا به انتفض ثم صار إنسانًا فوقعت عليه.', 34, '2026-03-22 07:11:08', 'حلمية الزيتون', '50.00', 0, 81, 'https://picsum.photos/640/480?random=626', NULL, '2025-05-16 17:20:01', '2025-05-16 17:20:01'),
(30, 'Quis animi accusantium.', 'والصراخ فمشى إلى أن جاء عيد الضحية فأرسلت إلى الراعي أن يخصني ببقرة سمينة وهي سريتي التي سحرتها تلك الغزالة فشمرت ثيابي وأخذت السكين بيدي وتهيأت لذبحها فصاحت وبكت بكاء شديدًا فقمت عنها وأمرت ذلك.', 35, '2025-10-11 12:17:00', 'روكسي', '164.00', 0, 169, 'https://picsum.photos/640/480?random=87', NULL, '2025-05-16 17:20:01', '2025-05-16 17:20:01'),
(31, 'Voluptas sequi deleniti quaerat.', 'رأس المال بيني وبينك ثم إني عملت حساب الدكان من بربح مالي فوجدته ألفي دينار فحمدت الله عز وجل وفرحت غاية الفرح وقسمت الربح بيني وبينه شطرين وأقمنا مع بعضنا أيامًا ثم إن العجل جاء إلي وتمرغ علي فقلت.', 36, '2025-08-10 09:02:15', 'روكسي', '53.00', 0, 136, 'https://picsum.photos/640/480?random=244', NULL, '2025-05-16 17:20:01', '2025-05-16 17:20:01'),
(32, 'Dicta doloribus placeat.', 'وفرشت لها في المركب فرشًا حسنًا وأقبلت عليها وأكرمتها ثم سافرنا وقد أحبها قلبي محبة عظيمة وصرت لا أفارقها ليلًا ولا نهارًا أو اشتغلت بها عن إخوتي فغاروا مني وحسدوني على مالي وكثرت بضاعتي وطمحت.', 37, '2025-09-21 08:33:00', 'الزاوية الحمراء', '487.00', 0, 167, 'https://picsum.photos/640/480?random=165', NULL, '2025-05-16 17:20:01', '2025-05-16 17:20:01'),
(33, 'Consequatur ab rerum.', 'المسحور عجلًا فلما رآني صاحب الدكان أخذني ودخل بي بيته فلما رأتني عجلت وقامت إلي بكوز فيه ماء وتكلمت عليه ورشت علي منه قليلًا وقالت: اخرج من هذه الصورة إلى صورة بغلة فصارت في الحال كلبًا فطردتني من.', 38, '2026-04-02 10:03:46', 'حدائق المعادي', '54.00', 0, 162, 'https://picsum.photos/640/480?random=300', NULL, '2025-05-16 17:20:01', '2025-05-16 17:20:01'),
(34, 'Debitis nihil sint quos beatae.', 'والمعروف ولو لم تجازيني فقالت: يا سيدي هل عندك إحسان ومعروف أجازيك عليهما قلت: نعم إن عندي الإحسان والمعروف ولو لم تجازيني فقالت: يا سيدي هل عندك إحسان ومعروف أجازيك عليهما قلت: نعم إن عندي الإحسان.', 39, '2025-10-01 18:56:03', 'زهراء المعادي', '369.00', 0, 154, 'https://picsum.photos/640/480?random=902', NULL, '2025-05-16 17:20:01', '2025-05-16 17:20:01'),
(35, 'Facilis et voluptatem.', 'به فقال أبوها أين الرجل قالت إن هذا الكلب سحرته امرأة وأنا أقدر على تخليصه فلما سمع أبوها كلامها قال: بالله عليك يا بنتي خلصيه فأخذت كوزًا فيه ماء فتكلمت عليه ورشتني وقالت اخرج من هذه الصورة إلى.', 40, '2026-01-30 18:26:55', 'فيصل', '369.00', 0, 160, 'https://picsum.photos/640/480?random=703', NULL, '2025-05-16 17:20:01', '2025-05-16 17:20:01'),
(36, 'Porro dolor ullam.', 'صاحب الغزالة وقبل يد ذلك العفريت وقال له: ما سبب جلوسك في هذا المكان وأنت منفرد وهو مأوى الجن فأخبره التاجر بما جرى له مع ذلك العفريت وبسبب قعوده في هذا المكان وأنت منفرد وهو مأوى الجن فأخبره التاجر.', 41, '2025-07-30 19:22:14', 'فيصل', '382.00', 0, 183, 'https://picsum.photos/640/480?random=178', NULL, '2025-05-16 17:20:01', '2025-05-16 17:20:01'),
(37, 'Aut beatae consequatur.', 'ولدي فقضي عليه ومات من ساعته فقال التاجر للعفريت: أعلم أيها العفريت أن هذه الغزالة وجئت إلى هنا فرأيت هؤلاء الجماعة فسألتهم عن حالهم فأخبروني بما جرى له مع ذلك العفريت وقال له: يا أخي إني أحسب ربح.', 42, '2026-01-13 02:50:31', 'جاردن سيتي', '217.00', 0, 138, 'https://picsum.photos/640/480?random=567', NULL, '2025-05-16 17:20:01', '2025-05-16 17:20:01'),
(38, 'Aspernatur magnam quaerat harum facilis.', 'بعجل سمين فأتاني بولدي المسحور عجلًا فلما رآني ذلك العجل فقالت: نعم يا سيدي هل عندك إحسان ومعروف أجازيك عليهما قلت: نعم إن عندي الإحسان والمعروف ولو لم تجازيني فقالت: يا سيدي تزوجني وخذني إلى بلادك.', 43, '2026-04-07 22:53:52', 'جسر السويس', '150.00', 0, 92, 'https://picsum.photos/640/480?random=894', NULL, '2025-05-16 17:20:01', '2025-05-16 17:20:01'),
(39, 'Error et aut.', 'وقلت لها أما هلاك إخوتي فلا ينبغي ثم حكيت لها ما جرى لهما فقلت: يا ولدي قد قيض الله لك من خلصك وخلص حقك ثم إني عملت حساب الدكان من بربح مالي فوجدته ألفي دينار فحمدت الله عز وجل فأخذتها وكسوتها وفرشت.', 44, '2026-02-08 05:22:41', 'إمبابة', '216.00', 0, 159, 'https://picsum.photos/640/480?random=970', NULL, '2025-05-16 17:20:01', '2025-05-16 17:20:01'),
(40, 'Labore at enim ducimus voluptas.', 'أبيه هو وأمه فهذا سبب ضحكي وأما سبب بكائي فمن أجل أمه حيث ذبحها أبوه فتعجبت من ذلك غاية العجب وما صدقت بطلوع الصباح حتى جئت إليك لأعلمك فلما سمعت أيها الجني زوجته ابنة الراعي ثم جئت أنا بعد مدة.', 45, '2025-08-29 21:44:59', 'ألف مسكن', '481.00', 0, 173, 'https://picsum.photos/640/480?random=595', NULL, '2025-05-16 17:20:01', '2025-05-16 17:20:01'),
(41, 'Ab quia illum beatae.', 'عمي فحكى لي جميع ما جرى لي معهم من أول الزمان إلى آخره. فلما سمعت أيها الجني وتاج ملوك الجن إذا حكيت لك حكايتي مع هذه الغزالة تعلمت السحر في صغرها من امرأة عجوز كانت عندنا فلما كنا بالأمس وأعطيتني.', 46, '2025-08-12 05:54:04', 'حلمية الزيتون', '430.00', 0, 141, 'https://picsum.photos/640/480?random=819', NULL, '2025-05-16 17:20:01', '2025-05-16 17:20:01'),
(42, 'Nis', 'وعزل إلى آخر النهار ولم يخبر الوزير بشيء من ذلك التاجر وقال له: قم حتى أقتلك مثل ما قتلت ولدي فقال له التاجر: كيف قتلت ولدك قال له: لما أكلت التمرة ورميت نواتها جاءت النواة في صدر ولدي فقضي عليه.', 47, '2025-05-27 00:00:00', 'التجمع التالت', '230.00', 0, 122, '1747430781_windows-xp-wallpaper-generative-ai.jpg', NULL, '2025-05-16 17:20:01', '2025-05-16 18:26:21'),
(43, 'Qui itaque.', 'تدخل علي الرجال الأجانب. فقلت لها: وأين الرجال الأجانب ولماذا بكيت وضحكت فقالت لي جاريتك ماتت وابنك هرب ولم أعلم أين راح فجلست مدة سنة وأنا حزين القلب باكي العين إلى أن أتيت إلى داره فرحبت بي ابنة.', 48, '2025-09-26 20:22:41', 'الجزيرة', '118.00', 0, 129, 'https://picsum.photos/640/480?random=756', NULL, '2025-05-16 17:20:01', '2025-05-16 17:20:01'),
(44, 'Deleniti aliquid eum accusamus.', 'وعن أمه فقالت لي أن هذا العجل فإنه سمين فلم يهن علي أن أذبحه وأمرت الراعي أن يأخذه وتوجه به ففي ثاني يوم وأنا جالس وإذا بالراعي أقبل علي وقال: يا سيدي إني أقول شيئًا تسر به ولي البشارة. فقلت: نعم.', 49, '2025-08-27 12:47:27', 'المنيب', '494.00', 0, 108, 'https://picsum.photos/640/480?random=390', NULL, '2025-05-16 17:20:01', '2025-05-16 17:20:01'),
(45, 'Eum libero dolor.', 'أكسب أنا فألحوا علي ولم أطعهم بل أقمنا في دكاكيننا نبيع ونشتري سنة كاملة وهم يعرضون علي السفر وأنا لم أرض حتى مضت ست سنوات كوامل. ثم وافقتهم على السفر وقلت لهم: يا أخوتي إننا نحسب ما عندنا من المال.', 50, '2025-06-09 11:51:27', 'الدقي', '322.00', 0, 102, 'https://picsum.photos/640/480?random=537', NULL, '2025-05-16 17:20:01', '2025-05-16 17:20:01'),
(46, 'Laudantium aperiam quasi magnam.', 'وقالوا: نقتل أخانا ويصير المال جميعه لنا وزين لهم الشيطان أعمالهم فجاؤوني وأنا نائم بجانب زوجتي ورموني في البحر فلما استيقظت زوجتي انتفضت فصارت عفريتة وحملتني وأطلعتني على جزيرة وغابت عني قليلًا.', 51, '2025-10-26 21:39:23', 'الموسكي', '66.00', 0, 76, 'https://picsum.photos/640/480?random=201', NULL, '2025-05-16 17:20:01', '2025-05-16 17:20:01'),
(47, 'Ut commodi id.', 'زيادة وأما بنت عمي فحكى لي جميع ما جرى لهما فقلت: يا ولدي قد قيض الله لك من خلصك وخلص حقك ثم إني أيها الجني كلام بنت الراعي قلت : ولك فوق جميع ما صنعت بك وبأمك بنت عمي هذه الغزالة تنظر وترى وتقول.', 52, '2025-10-19 07:34:46', 'الجزيرة', '408.00', 0, 152, 'https://picsum.photos/640/480?random=464', NULL, '2025-05-16 17:20:01', '2025-05-16 17:20:01'),
(48, 'Dicta recusandae a adipisci quo.', 'كل واحد منا ألف دينار ونتسبب فيها قالوا: نعم الرأي فأخذت المال وقسمته نصفين ودفنت ثلاثة آلاف دينار فقلت: ندفن نصفها تحت الأرض وفتحت دكاني بعد ما سلمت على الناس واشتريت بضائع فلما كان الليل دخلت داري.', 53, '2025-12-04 01:02:29', 'مدينة نصر', '252.00', 0, 119, 'https://picsum.photos/640/480?random=650', NULL, '2025-05-16 17:20:01', '2025-05-16 17:20:01'),
(49, 'Et hic atque.', 'ينفعني الندم وأعطيتها للراعي وقلت له: يا أيها العفريت أن هذه الغزالة تنظر وترى وتقول اذبح هذا العجل بين البهائم. كل ذلك والجني يتعجب من حكاية الاثنين وتهب لي باقي دمه وجنايته فقال الجني نعم فقال.', 54, '2025-10-04 18:23:34', 'ثكنات المعادي', '57.00', 0, 70, 'https://picsum.photos/640/480?random=724', NULL, '2025-05-16 17:20:01', '2025-05-16 17:20:01'),
(50, 'Asperiores ut consequuntur voluptatem.', 'ستة آلاف دينار فقلت: ندفن نصفها تحت الأرض وفتحت دكاني بعد ما سلمت على الناس واشتريت بضائع فلما كان الليل دخلت داري فوجدت هاتين الكلبتين أخوتي وأنا ثالثهم ومات والدي وخلف لنا ثلاثة آلاف دينار فقلت.', 55, '2025-07-22 09:15:48', 'سراي القبة', '126.00', 0, 109, 'https://picsum.photos/640/480?random=218', NULL, '2025-05-16 17:20:01', '2025-05-16 17:20:01'),
(51, 'Et sed dolores.', 'وإذا بالراعي أقبل علي وقال: يا سيدي هل عندك إحسان ومعروف أجازيك عليهما قلت: نعم إن عندي الإحسان والمعروف ولو لم تجازيني فقالت: يا سيدي تزوجني وخذني إلى بلادك فإني قد وهبتك نفسي فافعل معي معروفًا.', 56, '2025-10-29 10:56:00', 'شبرا', '355.00', 0, 143, 'https://picsum.photos/640/480?random=822', NULL, '2025-05-16 17:20:01', '2025-05-16 17:20:01'),
(52, 'Reiciendis magnam nihil distinctio.', 'عنها سنة كاملة ثم قضيت سفري وجئت إليها في الليل فرأيت عبد أسود راقد معها في الفراش وهما في كلام وغنج وضحك وتقبيل وهراش فلما رأتني بنت الجزار غطت وجهها مني فقالت أتجيء لنا برجل وتدخل علينا به فقال.', 57, '2026-02-25 13:24:19', 'كلية البنات', '266.00', 0, 84, 'https://picsum.photos/640/480?random=103', NULL, '2025-05-16 17:20:01', '2025-05-16 17:20:01'),
(53, 'Atque ducimus voluptatem cupiditate.', 'جرى لهما فقلت: يا ولدي قد قيض الله لك من خلصك وخلص حقك ثم إني أيها الجني كلام هذا الراعي خرجت معه وأنا سكران من غير مدام من كثرة الفرح والسرور والذي حصل لي إلى أن صار ابن خمس عشرة سنة فطرأت لي سفرة.', 58, '2025-11-30 09:23:25', 'المطار', '154.00', 0, 106, 'https://picsum.photos/640/480?random=495', NULL, '2025-05-16 17:20:01', '2025-05-16 17:20:01'),
(54, 'At quod quos ad.', 'السلطان ورئيس ملوك الجان ثم التفت إليها وقال: أصحيح هذا فهزت رأسها وقالت بالإشارة نعم هذا صحيح فلما فرغ من حديثه اهتز الجني من الطرب ووهب له باقي دمه وجنايته فقال الجني نعم فقال الشيخ أيها السلطان.', 59, '2026-04-03 16:44:00', 'المعصرة', '370.00', 0, 197, 'https://picsum.photos/640/480?random=244', NULL, '2025-05-16 17:20:01', '2025-05-16 17:20:01'),
(55, 'Id dolore est ad.', 'عجلت وقامت إلي بكوز فيه ماء فتكلمت عليه ورشتني وقالت اخرج من هذه الصورة إلى صورتك الأولى فصرت إلى صورتي الأولى فقبلت يدها وقلت لها: أريد أن تسحري زوجتي كما سحرتني فأعطتني قليلًا من الماء وقالت إذا.', 60, '2025-11-01 01:29:28', 'حدائق القبة', '85.00', 0, 141, 'https://picsum.photos/640/480?random=236', NULL, '2025-05-16 17:20:01', '2025-05-16 17:20:01'),
(56, 'Rem laborum magnam.', 'فقلت: نعم فقال: أيها التاجر إن لي بنتًا كانت تعلمت السحر والكهانة من صغرها فسحرت ذلك الولد عجلًا وسحرت الجارية أمه بقرة وسلمتها إلى الراعي ثم جئت أنا بعد مدة طويلة من السفر فسألت عن ولدي وعن أمه.', 61, '2025-11-17 09:04:43', 'عبده باشا', '475.00', 0, 168, 'https://picsum.photos/640/480?random=941', NULL, '2025-05-16 17:20:02', '2025-05-16 17:20:02'),
(57, 'Voluptas aut voluptatem.', 'لمن أساء كفي المسيء فعله وهم إخوتي على كل حال قالت لا بد من قتلهم فاستعطفتها ثم أنها سحرت ابنة عمي هذه الغزالة تعلمت السحر في صغرها من امرأة عجوز كانت عندنا فلما كنا بالأمس وأعطيتني العجل دخلت به.', 62, '2026-03-23 15:58:19', 'الأزبكية', '180.00', 0, 65, 'https://picsum.photos/640/480?random=516', NULL, '2025-05-16 17:20:02', '2025-05-16 17:20:02'),
(58, 'Culpa unde at.', 'جرى لهذا التاجر فجلست لأنظر ما يكون وهذا حديثي فقال الجني: هذا حديث عجيب وقد وهبت لك ثلث دمه في جنايته فعند ذلك تقدم الشيخ صاحب الكلبتين السلاقيتين وقال له: اعلم يا سيد ملوك الجان كل ذلك جرى وابنة.', 63, '2026-05-08 16:28:21', 'السادس من اكتوير', '232.00', 0, 182, 'https://picsum.photos/640/480?random=526', NULL, '2025-05-16 17:20:02', '2025-05-16 17:20:02'),
(59, 'Magnam est et.', 'تدخل علي الرجال الأجانب. فقلت لها: بالله لا تفعلي فإن صاحب المثل يقول: يا محسنًا لمن أساء كفي المسيء فعله وهم إخوتي على كل حال قالت لا بد من قتلهم فاستعطفتها ثم أنها حملتني وطارت فوضعتني على سطح.', 64, '2025-08-07 05:34:03', 'روكسي', '324.00', 0, 160, 'https://picsum.photos/640/480?random=277', NULL, '2025-05-16 17:20:02', '2025-05-16 17:20:02'),
(60, 'Aut hic et fugiat.', 'غير مدام من كثرة الفرح والسرور والذي حصل لي إلى أن دخلنا مدينة وبعنا بضائعنا فربحنا في الدينار عشرة دنانير ثم أردنا السفر فوجدنا على شاطئ البحر جارية عليها خلق مقطع فقبلت يدي وقالت: يا سيدي ليس لي.', 65, '2026-03-08 11:19:20', 'العتبة', '474.00', 0, 185, 'https://picsum.photos/640/480?random=701', NULL, '2025-05-16 17:20:02', '2025-05-16 17:20:02'),
(61, 'Nihil totam quo rerum.', 'وتوجه به ففي ثاني يوم وأنا جالس وإذا بالراعي أقبل علي وقال: يا سيدي إني أقول شيئًا تسر به ولي البشارة. فقلت: نعم فقال: أيها التاجر إن لي بنتًا كانت تعلمت السحر والكهانة من صغرها فسحرت ذلك الولد.', 66, '2025-12-28 00:26:13', 'فيصل', '297.00', 0, 94, 'https://picsum.photos/640/480?random=877', NULL, '2025-05-16 17:20:02', '2025-05-16 17:20:02'),
(62, 'Sequi nobis repudiandae distinctio.', 'فصارت عفريتة وحملتني وأطلعتني على جزيرة وغابت عني قليلًا وعادت إلي عند الصباح وقالت لي: أنا زوجتك التي حملتك ونجيتك من القتل بإذن الله تعالى واعلم أني جنية رأيتك فحبك قلبي وأنا مؤمنة بالله ورسوله.', 67, '2025-09-14 06:02:04', 'حلوان', '234.00', 0, 145, 'https://picsum.photos/640/480?random=147', NULL, '2025-05-16 17:20:02', '2025-05-16 17:20:02'),
(63, 'Est aut non temporibus.', 'أشعر إلا وزوجتي قالت هؤلاء إخوتك فقلت من فعل بهم هذا الفعل قالت أنا أرسلت إلى أختي ففعلت بهم ذلك وما يتخلصون إلا بعد عشر سنوات فجئت وأنا سائر إليها تخلصهم بعد إقامتهم عشر سنوات فجئت وأنا سائر إليها.', 68, '2025-06-27 19:05:11', 'التجمع الخامس', '431.00', 0, 123, 'https://picsum.photos/640/480?random=246', NULL, '2025-05-16 17:20:02', '2025-05-16 17:20:02'),
(64, 'Ut sunt laborum qui.', 'وأمر إلى آخر النهار ثم انفض الديوان ودخل الملك شهريار قصره. و في الليلة الثانية قالت دنيازاد لأختها شهرزاد: يا أختي ما أحلى حديثك وأطيبه وألذه وأعذبه فقالت: وأين هذا مما أحدثكم به الليلة القابلة إن.', 69, '2025-08-09 01:14:33', 'سراي القبة', '264.00', 0, 197, 'https://picsum.photos/640/480?random=590', NULL, '2025-05-16 17:20:02', '2025-05-16 17:20:02'),
(65, 'Qui sunt at.', 'دكاني بعد ما سلمت على الناس واشتريت بضائع فلما كان الليل دخلت داري فوجدت هاتين الكلبتين أخوتي وأنا ثالثهم ومات والدي وخلف لنا ثلاثة آلاف دينار فقلت: ندفن نصفها تحت الأرض لينفعا إذا أصابنا أمر ويأخذ.', 70, '2025-06-22 01:27:27', 'هليوبوليس', '113.00', 0, 194, 'https://picsum.photos/640/480?random=496', NULL, '2025-05-16 17:20:02', '2025-05-16 17:20:02'),
(66, 'Aut optio.', 'وأعلم زوجته وأولاده بما جرى له مع ذلك العفريت وقال له: قم حتى أقتلك مثل ما قتلت ولدي فقال له التاجر: كيف قتلت ولدك قال له: لما أكلت التمرة ورميت نواتها جاءت النواة في صدر ولدي فقضي عليه ومات من.', 71, '2025-07-11 04:48:25', 'ألف مسكن', '273.00', 0, 197, 'https://picsum.photos/640/480?random=399', NULL, '2025-05-16 17:20:02', '2025-05-16 17:20:02'),
(67, 'Sed quis dolore doloribus.', 'شاطئ البحر جارية عليها خلق مقطع فقبلت يدي وقالت: يا سيدي ليس لي رغبة في المال إلا بشرطين: الأول: أن تزوجني به والثاني: أن أسر من سحرته وأحبسها وإلا فلست آمن مكرها فلما سمعت كلامي قالت: أنا في هذه.', 72, '2025-08-08 22:05:37', 'حلوان', '472.00', 0, 114, 'https://picsum.photos/640/480?random=698', NULL, '2025-05-16 17:20:02', '2025-05-16 17:20:02'),
(68, 'Et commodi et laudantium.', 'إلى تمام السنة ثم توجه وأخذ كفنه تحت إبطه ثم حكم الملك وولي وعزل إلى آخر النهار ولم يخبر الوزير بشيء من ذلك التاجر وقال له: قم حتى أقتلك مثل ما قتلت ولدي فقال له التاجر: كيف قتلت ولدك قال له: لما.', 73, '2025-09-25 07:13:13', 'غمرة', '358.00', 0, 144, 'https://picsum.photos/640/480?random=560', NULL, '2025-05-16 17:20:02', '2025-05-16 17:20:02'),
(69, 'Eaque dolorem et.', 'تنظر وترى وتقول اذبح هذا العجل الذي معك ابن سيدي التاجر ولكنه مسحور وسحرته زوجة أبيه هو وأمه فهذا سبب ضحكي وأما سبب بكائي فمن أجل أمه حيث ذبحها أبوه فتعجبت من ذلك فتعجب الوزير غاية العجب وما صدقت.', 74, '2025-08-15 02:19:23', 'حلمية الزيتون', '469.00', 0, 146, 'https://picsum.photos/640/480?random=486', NULL, '2025-05-16 17:20:02', '2025-05-16 17:20:02'),
(70, 'Ut maxime ipsam.', 'ولدي وعن أمه فقالت لي جاريتك ماتت وابنك هرب ولم أعلم أين راح فجلست مدة سنة وأنا حزين القلب باكي العين إلى أن جاء عيد الضحية فأرسلت إلى الراعي ثم جئت أنا بعد مدة طويلة من السفر فسألت عن ولدي وعن أمه.', 75, '2025-08-15 15:08:12', 'المقطم', '267.00', 0, 83, 'https://picsum.photos/640/480?random=736', NULL, '2025-05-16 17:20:02', '2025-05-16 17:20:02'),
(71, 'Illum ut quod molestiae.', 'صاحب المثل يقول: يا محسنًا لمن أساء كفي المسيء فعله وهم إخوتي على كل حال قالت لا بد من قتلهم فاستعطفتها ثم أنها حملتني وطارت فوضعتني على سطح داري ففتحت الأبواب وأخرجت الذي خبأته تحت الأرض لينفعا إذا.', 76, '2025-12-22 12:32:37', 'باب الشعرية', '375.00', 1, 130, 'https://picsum.photos/640/480?random=542', '2025-05-16 17:38:17', '2025-05-16 17:20:21', '2025-05-16 17:38:17'),
(72, 'Debitis aliquid quia.', 'أيها الملك السعيد ذو الرأي الرشيد أنه لما رأى بكاء العجل حن قلبه إليه وقال للراعي: ابق هذا العجل فإنه سمين فلم يهن علي أن أذبحه وأمرت الراعي أن يأخذه وتوجه به ففي ثاني يوم وأنا جالس وإذا بالراعي.', 77, '2025-06-12 22:42:19', 'العتبة', '160.00', 1, 152, 'https://picsum.photos/640/480?random=290', '2025-05-16 17:38:25', '2025-05-16 17:20:21', '2025-05-16 17:38:25'),
(73, 'Maxime est ut architecto.', 'إلى أن دخلنا مدينة وبعنا بضائعنا فربحنا في الدينار عشرة دنانير ثم أردنا السفر فوجدنا على شاطئ البحر جارية عليها خلق مقطع فقبلت يدي وقالت: يا سيدي إيه ابنك وحشاشة كبدك فقلت لها: وأين الرجال الأجانب.', 78, '2025-10-31 20:05:15', 'الجيش', '106.00', 1, 49, 'https://picsum.photos/640/480?random=22', NULL, '2025-05-16 17:20:21', '2025-05-16 18:41:45'),
(74, 'Aliquam dolores rerum recusandae.', 'تحت إبطه وودع أهله وجيرانه وجميع أهله وخرج رغمًا عن أنفه وأقيم عليه العياط والصراخ فمشى إلى أن جاء عيد الضحية فأرسلت إلى الراعي أن يخصني ببقرة سمينة وهي سريتي التي سحرتها تلك الغزالة فشمرت ثيابي.', 79, '2025-07-08 20:17:14', 'عبود', '281.00', 1, 128, 'https://picsum.photos/640/480?random=244', NULL, '2025-05-16 17:20:21', '2025-05-16 17:20:21'),
(75, 'Soluta excepturi omnis sequi.', 'محل حكمه ودخل عليه الوزير والعسكر واحتبك الديوان فحكم الملك وولى وعزل ونهى وأمر إلى آخر النهار ولم يخبر الوزير بشيء من ذلك غاية العجب وما صدقت بطلوع الصباح حتى جئت إليك لأعلمك فلما سمعت كلامها حن.', 80, '2025-07-24 23:25:24', 'الظاهر', '319.00', 1, 94, 'https://picsum.photos/640/480?random=440', NULL, '2025-05-16 17:20:21', '2025-05-16 17:20:21'),
(76, 'Aut laboriosam consectetur voluptatibus.', 'رآني ذلك العجل قطع حبله وجاءني وتمرغ علي وولول وبكى فأخذتني الرأفة عليه وقلت له: ائتني بعجل سمين فأتاني بولدي المسحور عجلًا فلما رآني ذلك العجل فقالت: نعم يا سيدي تزوجني وخذني إلى بلادك فإني قد.', 81, '2025-08-17 06:45:09', 'باب اللوق', '196.00', 1, 114, 'https://picsum.photos/640/480?random=631', NULL, '2025-05-16 17:20:21', '2025-05-16 17:20:21'),
(77, 'Qui voluptatem aut.', 'الصورة إلى صورة كلب فصرت في الحال كلبًا فطردتني من البيت فخرجت من الباب ولم أزل سائرًا حتى وصلت دكان جزار فتقدمت وصرت آكل من العظام. فلما رآني ذلك العجل فقالت: نعم يا سيدي ليس لي رغبة في المال جميعه.', 82, '2026-04-08 13:26:58', 'كوتسيكا', '53.00', 1, 134, 'https://picsum.photos/640/480?random=936', NULL, '2025-05-16 17:20:21', '2025-05-16 17:20:21'),
(78, 'Id sit repellat.', 'أختي أتممي لنا حديثك فقالت حبًا وكرامة بلغني أيها الملك السعيد أنه كان تاجر من التجار كثير المال والمعاملات في البلاد قد ركب يومًا وخرج يطالب في بعض البلاد فاشتد عليه الحر فجلس تحت شجرة وحط يده في.', 83, '2025-06-19 07:39:40', 'الشروق', '373.00', 1, 189, 'https://picsum.photos/640/480?random=23', NULL, '2025-05-16 17:20:21', '2025-05-16 17:20:21'),
(79, 'Et qui tenetur.', 'حوائجنا وسافرنا مدة شهر كامل إلى أن جاء عيد الضحية فأرسلت إلى الراعي ثم أنها عزمت عليها ورشت بها العجل وقالت: إن كان الله خلقك عجلًا فدم على هذه الصفة ولا تتغير وإن كنت مسحورًا فعد إلى خلقتك الأولى.', 84, '2025-09-27 16:15:13', 'الزاوية الحمراء', '105.00', 1, 190, 'https://picsum.photos/640/480?random=765', NULL, '2025-05-16 17:20:21', '2025-05-16 17:20:21'),
(80, 'Illum vero officia.', 'لأمر يريده الله عز وجل وفرحت غاية الفرح وقسمت الربح بيني وبينه شطرين وأقمنا مع بعضنا أيامًا ثم إن أخوتي طلبوا السفر أيضًا وأرادوا أن أسافر معهم فلم أرض وقلت لهم: أي شيء كسبتم من سفركم حتى أكسب أنا.', 85, '2025-10-16 19:04:21', 'باب الشعرية', '170.00', 1, 146, 'https://picsum.photos/640/480?random=587', NULL, '2025-05-16 17:20:21', '2025-05-16 17:20:21'),
(81, 'فندق اسكندرية', 'لا يوجد وصف', 6, '2025-05-17 00:00:00', 'alex', '452.00', 0, 87, '1747430106_windows-xp-wallpaper-windows-xp-background-4k.jpg', '2025-05-16 18:24:15', '2025-05-16 18:15:06', '2025-05-16 18:24:15'),
(82, 'فندق اسكندرية', 'لا يوجد وصف', 4, '2025-05-17 00:00:00', 'alex', '452.00', 0, 87, '1747431150_windows-xp-wallpaper-windows-xp-background-4k.jpg', '2025-05-16 18:32:49', '2025-05-16 18:32:30', '2025-05-16 18:32:49');

-- --------------------------------------------------------

--
-- Table structure for table `failed_jobs`
--

CREATE TABLE `failed_jobs` (
  `id` bigint UNSIGNED NOT NULL,
  `uuid` varchar(255) COLLATE utf8mb4_unicode_ci NOT NULL,
  `connection` text COLLATE utf8mb4_unicode_ci NOT NULL,
  `queue` text COLLATE utf8mb4_unicode_ci NOT NULL,
  `payload` longtext COLLATE utf8mb4_unicode_ci NOT NULL,
  `exception` longtext COLLATE utf8mb4_unicode_ci NOT NULL,
  `failed_at` timestamp NOT NULL DEFAULT CURRENT_TIMESTAMP
) ENGINE=InnoDB DEFAULT CHARSET=utf8mb4 COLLATE=utf8mb4_unicode_ci;

-- --------------------------------------------------------

--
-- Table structure for table `media`
--

CREATE TABLE `media` (
  `id` bigint UNSIGNED NOT NULL,
  `model_type` varchar(255) COLLATE utf8mb4_unicode_ci NOT NULL,
  `model_id` bigint UNSIGNED NOT NULL,
  `uuid` char(36) COLLATE utf8mb4_unicode_ci DEFAULT NULL,
  `collection_name` varchar(255) COLLATE utf8mb4_unicode_ci NOT NULL,
  `name` varchar(255) COLLATE utf8mb4_unicode_ci NOT NULL,
  `file_name` varchar(255) COLLATE utf8mb4_unicode_ci NOT NULL,
  `mime_type` varchar(255) COLLATE utf8mb4_unicode_ci DEFAULT NULL,
  `disk` varchar(255) COLLATE utf8mb4_unicode_ci NOT NULL,
  `conversions_disk` varchar(255) COLLATE utf8mb4_unicode_ci DEFAULT NULL,
  `size` bigint UNSIGNED NOT NULL,
  `manipulations` json NOT NULL,
  `custom_properties` json NOT NULL,
  `generated_conversions` json NOT NULL,
  `responsive_images` json NOT NULL,
  `order_column` int UNSIGNED DEFAULT NULL,
  `created_at` timestamp NULL DEFAULT NULL,
  `updated_at` timestamp NULL DEFAULT NULL
) ENGINE=InnoDB DEFAULT CHARSET=utf8mb4 COLLATE=utf8mb4_unicode_ci;

-- --------------------------------------------------------

--
-- Table structure for table `migrations`
--

CREATE TABLE `migrations` (
  `id` int UNSIGNED NOT NULL,
  `migration` varchar(255) COLLATE utf8mb4_unicode_ci NOT NULL,
  `batch` int NOT NULL
) ENGINE=InnoDB DEFAULT CHARSET=utf8mb4 COLLATE=utf8mb4_unicode_ci;

--
-- Dumping data for table `migrations`
--

INSERT INTO `migrations` (`id`, `migration`, `batch`) VALUES
(1, '2014_10_12_000000_create_users_table', 1),
(2, '2014_10_12_100000_create_password_reset_tokens_table', 1),
(3, '2014_10_12_100000_create_password_resets_table', 1),
(4, '2019_08_19_000000_create_failed_jobs_table', 1),
(5, '2019_12_14_000001_create_personal_access_tokens_table', 1),
(6, '2025_04_20_122423_create_permission_tables', 1),
(7, '2025_04_21_162057_add_is_admin_to_users_table', 1),
(8, '2025_05_01_035216_create_notifications_table', 1),
(9, '2025_05_09_092955_create_categories_table', 1),
(10, '2025_05_09_093058_create_events_table', 1),
(11, '2025_05_09_093127_create_bookings_table', 1),
(12, '2025_05_10_095224_modify_slug_column_in_events_table', 1),
(13, '2025_05_11_115936_add_is_featured_to_events_table', 1),
(14, '2025_05_11_140421_create_media_table', 1);

-- --------------------------------------------------------

--
-- Table structure for table `model_has_permissions`
--

CREATE TABLE `model_has_permissions` (
  `permission_id` bigint UNSIGNED NOT NULL,
  `model_type` varchar(255) COLLATE utf8mb4_unicode_ci NOT NULL,
  `model_id` bigint UNSIGNED NOT NULL
) ENGINE=InnoDB DEFAULT CHARSET=utf8mb4 COLLATE=utf8mb4_unicode_ci;

-- --------------------------------------------------------

--
-- Table structure for table `model_has_roles`
--

CREATE TABLE `model_has_roles` (
  `role_id` bigint UNSIGNED NOT NULL,
  `model_type` varchar(255) COLLATE utf8mb4_unicode_ci NOT NULL,
  `model_id` bigint UNSIGNED NOT NULL
) ENGINE=InnoDB DEFAULT CHARSET=utf8mb4 COLLATE=utf8mb4_unicode_ci;

--
-- Dumping data for table `model_has_roles`
--

INSERT INTO `model_has_roles` (`role_id`, `model_type`, `model_id`) VALUES
(3, 'App\\Models\\User', 61),
(2, 'App\\Models\\User', 62);

-- --------------------------------------------------------

--
-- Table structure for table `notifications`
--

CREATE TABLE `notifications` (
  `id` char(36) COLLATE utf8mb4_unicode_ci NOT NULL,
  `type` varchar(255) COLLATE utf8mb4_unicode_ci NOT NULL,
  `notifiable_type` varchar(255) COLLATE utf8mb4_unicode_ci NOT NULL,
  `notifiable_id` bigint UNSIGNED NOT NULL,
  `data` text COLLATE utf8mb4_unicode_ci NOT NULL,
  `read_at` timestamp NULL DEFAULT NULL,
  `created_at` timestamp NULL DEFAULT NULL,
  `updated_at` timestamp NULL DEFAULT NULL
) ENGINE=InnoDB DEFAULT CHARSET=utf8mb4 COLLATE=utf8mb4_unicode_ci;

--
-- Dumping data for table `notifications`
--

INSERT INTO `notifications` (`id`, `type`, `notifiable_type`, `notifiable_id`, `data`, `read_at`, `created_at`, `updated_at`) VALUES
('0b77de0b-1bb8-4fa7-969e-ce1064dc64af', 'App\\Notifications\\NoteInvoice', 'App\\Models\\User', 61, '{\"booking_id\":53,\"category_name\":\"\\u0623\\u0645\\u0633\\u064a\\u0627\\u062a \\u0634\\u0639\\u0631\\u064a\\u0629\",\"event_name\":\"Nisi libero pariatur.\",\"price\":\"230.00\",\"user_send\":\"Omar Mohamed\"}', '2025-05-16 18:41:34', '2025-05-16 17:37:41', '2025-05-16 18:41:34'),
('0e2bec43-63e3-4c2a-8b37-d295e6ef98f4', 'App\\Notifications\\NoteInvoice', 'App\\Models\\User', 61, '{\"booking_id\":55,\"category_name\":\"\\u0639\\u0632\\u0641 \\u0648\\u063a\\u0646\\u0627\\u0621\",\"event_name\":\"Maxime est ut architecto.\",\"price\":\"106.00\",\"user_send\":\"Omar Mohamed\"}', '2025-05-16 18:50:39', '2025-05-16 18:41:46', '2025-05-16 18:50:39'),
('294ef653-4827-4043-a905-2a2a44e9650a', 'App\\Notifications\\NoteInvoice', 'App\\Models\\User', 61, '{\"booking_id\":52,\"category_name\":\"\\u0628\\u0637\\u0648\\u0644\\u0627\\u062a\",\"event_name\":\"Illum ut quod molestiae.\",\"price\":\"375.00\",\"user_send\":\"Omar Mohamed\"}', '2025-05-16 18:41:34', '2025-05-16 17:30:36', '2025-05-16 18:41:34'),
('5d735e2f-1fe1-4c47-9488-1c390953db03', 'App\\Notifications\\NoteInvoice', 'App\\Models\\User', 61, '{\"booking_id\":54,\"category_name\":\"\\u0623\\u0645\\u0633\\u064a\\u0627\\u062a \\u0634\\u0639\\u0631\\u064a\\u0629\",\"event_name\":\"Nis\",\"price\":\"230.00\",\"user_send\":\"Omar Mohamed\"}', '2025-05-16 18:41:34', '2025-05-16 18:22:22', '2025-05-16 18:41:34');

-- --------------------------------------------------------

--
-- Table structure for table `password_resets`
--

CREATE TABLE `password_resets` (
  `email` varchar(255) COLLATE utf8mb4_unicode_ci NOT NULL,
  `token` varchar(255) COLLATE utf8mb4_unicode_ci NOT NULL,
  `created_at` timestamp NULL DEFAULT NULL
) ENGINE=InnoDB DEFAULT CHARSET=utf8mb4 COLLATE=utf8mb4_unicode_ci;

-- --------------------------------------------------------

--
-- Table structure for table `password_reset_tokens`
--

CREATE TABLE `password_reset_tokens` (
  `email` varchar(255) COLLATE utf8mb4_unicode_ci NOT NULL,
  `token` varchar(255) COLLATE utf8mb4_unicode_ci NOT NULL,
  `created_at` timestamp NULL DEFAULT NULL
) ENGINE=InnoDB DEFAULT CHARSET=utf8mb4 COLLATE=utf8mb4_unicode_ci;

-- --------------------------------------------------------

--
-- Table structure for table `permissions`
--

CREATE TABLE `permissions` (
  `id` bigint UNSIGNED NOT NULL,
  `name` varchar(255) COLLATE utf8mb4_unicode_ci NOT NULL,
  `guard_name` varchar(255) COLLATE utf8mb4_unicode_ci NOT NULL,
  `group_name` varchar(255) COLLATE utf8mb4_unicode_ci DEFAULT NULL,
  `created_at` timestamp NULL DEFAULT NULL,
  `updated_at` timestamp NULL DEFAULT NULL
) ENGINE=InnoDB DEFAULT CHARSET=utf8mb4 COLLATE=utf8mb4_unicode_ci;

--
-- Dumping data for table `permissions`
--

INSERT INTO `permissions` (`id`, `name`, `guard_name`, `group_name`, `created_at`, `updated_at`) VALUES
(1, 'التقارير', 'web', 'التقارير', '2025-05-16 17:20:19', '2025-05-16 17:20:19'),
(2, 'تقرير الفواتير', 'web', 'التقارير', '2025-05-16 17:20:19', '2025-05-16 17:20:19'),
(3, 'تقرير العملاء', 'web', 'التقارير', '2025-05-16 17:20:19', '2025-05-16 17:20:19'),
(4, 'المستخدمين', 'web', 'المستخدمين', '2025-05-16 17:20:19', '2025-05-16 17:20:19'),
(5, 'قائمة المستخدمين', 'web', 'المستخدمين', '2025-05-16 17:20:19', '2025-05-16 17:20:19'),
(6, 'اضافة مستخدم', 'web', 'المستخدمين', '2025-05-16 17:20:19', '2025-05-16 17:20:19'),
(7, 'تعديل مستخدم', 'web', 'المستخدمين', '2025-05-16 17:20:19', '2025-05-16 17:20:19'),
(8, 'حذف مستخدم', 'web', 'المستخدمين', '2025-05-16 17:20:19', '2025-05-16 17:20:19'),
(9, 'الصلاحيات', 'web', 'الصلاحيات', '2025-05-16 17:20:19', '2025-05-16 17:20:19'),
(10, 'صلاحيات المستخدمين', 'web', 'الصلاحيات', '2025-05-16 17:20:19', '2025-05-16 17:20:19'),
(11, 'عرض صلاحية', 'web', 'الصلاحيات', '2025-05-16 17:20:19', '2025-05-16 17:20:19'),
(12, 'اضافة صلاحية', 'web', 'الصلاحيات', '2025-05-16 17:20:19', '2025-05-16 17:20:19'),
(13, 'تعديل صلاحية', 'web', 'الصلاحيات', '2025-05-16 17:20:19', '2025-05-16 17:20:19'),
(14, 'حذف صلاحية', 'web', 'الصلاحيات', '2025-05-16 17:20:19', '2025-05-16 17:20:19'),
(15, 'الاعدادات', 'web', 'الاعدادات', '2025-05-16 17:20:19', '2025-05-16 17:20:19'),
(16, 'المنتجات', 'web', 'الاعدادات', '2025-05-16 17:20:19', '2025-05-16 17:20:19'),
(17, 'اضافة منتج', 'web', 'الاعدادات', '2025-05-16 17:20:19', '2025-05-16 17:20:19'),
(18, 'تعديل منتج', 'web', 'الاعدادات', '2025-05-16 17:20:19', '2025-05-16 17:20:19'),
(19, 'حذف منتج', 'web', 'الاعدادات', '2025-05-16 17:20:19', '2025-05-16 17:20:19'),
(20, 'الاقسام', 'web', 'الاعدادات', '2025-05-16 17:20:19', '2025-05-16 17:20:19'),
(21, 'اضافة قسم', 'web', 'الاعدادات', '2025-05-16 17:20:19', '2025-05-16 17:20:19'),
(22, 'تعديل قسم', 'web', 'الاعدادات', '2025-05-16 17:20:19', '2025-05-16 17:20:19'),
(23, 'حذف قسم', 'web', 'الاعدادات', '2025-05-16 17:20:19', '2025-05-16 17:20:19'),
(24, 'الاشعارات', 'web', 'النظام', '2025-05-16 17:20:19', '2025-05-16 17:20:19');

-- --------------------------------------------------------

--
-- Table structure for table `personal_access_tokens`
--

CREATE TABLE `personal_access_tokens` (
  `id` bigint UNSIGNED NOT NULL,
  `tokenable_type` varchar(255) COLLATE utf8mb4_unicode_ci NOT NULL,
  `tokenable_id` bigint UNSIGNED NOT NULL,
  `name` varchar(255) COLLATE utf8mb4_unicode_ci NOT NULL,
  `token` varchar(64) COLLATE utf8mb4_unicode_ci NOT NULL,
  `abilities` text COLLATE utf8mb4_unicode_ci,
  `last_used_at` timestamp NULL DEFAULT NULL,
  `expires_at` timestamp NULL DEFAULT NULL,
  `created_at` timestamp NULL DEFAULT NULL,
  `updated_at` timestamp NULL DEFAULT NULL
) ENGINE=InnoDB DEFAULT CHARSET=utf8mb4 COLLATE=utf8mb4_unicode_ci;

-- --------------------------------------------------------

--
-- Table structure for table `roles`
--

CREATE TABLE `roles` (
  `id` bigint UNSIGNED NOT NULL,
  `name` varchar(255) COLLATE utf8mb4_unicode_ci NOT NULL,
  `guard_name` varchar(255) COLLATE utf8mb4_unicode_ci NOT NULL,
  `created_at` timestamp NULL DEFAULT NULL,
  `updated_at` timestamp NULL DEFAULT NULL
) ENGINE=InnoDB DEFAULT CHARSET=utf8mb4 COLLATE=utf8mb4_unicode_ci;

--
-- Dumping data for table `roles`
--

INSERT INTO `roles` (`id`, `name`, `guard_name`, `created_at`, `updated_at`) VALUES
(1, 'admin', 'web', '2025-05-16 17:20:19', '2025-05-16 17:20:19'),
(2, 'user', 'web', '2025-05-16 17:20:19', '2025-05-16 17:20:19'),
(3, 'owner', 'web', '2025-05-16 17:20:21', '2025-05-16 17:20:21');

-- --------------------------------------------------------

--
-- Table structure for table `role_has_permissions`
--

CREATE TABLE `role_has_permissions` (
  `permission_id` bigint UNSIGNED NOT NULL,
  `role_id` bigint UNSIGNED NOT NULL
) ENGINE=InnoDB DEFAULT CHARSET=utf8mb4 COLLATE=utf8mb4_unicode_ci;

--
-- Dumping data for table `role_has_permissions`
--

INSERT INTO `role_has_permissions` (`permission_id`, `role_id`) VALUES
(1, 1),
(2, 1),
(3, 1),
(4, 1),
(5, 1),
(6, 1),
(7, 1),
(8, 1),
(9, 1),
(10, 1),
(11, 1),
(12, 1),
(13, 1),
(14, 1),
(15, 1),
(16, 1),
(17, 1),
(18, 1),
(19, 1),
(20, 1),
(21, 1),
(22, 1),
(23, 1),
(24, 1),
(4, 2),
(1, 3),
(2, 3),
(3, 3),
(4, 3),
(5, 3),
(6, 3),
(7, 3),
(8, 3),
(9, 3),
(10, 3),
(11, 3),
(12, 3),
(13, 3),
(14, 3),
(15, 3),
(16, 3),
(17, 3),
(18, 3),
(19, 3),
(20, 3),
(21, 3),
(22, 3),
(23, 3),
(24, 3);

-- --------------------------------------------------------

--
-- Table structure for table `users`
--

CREATE TABLE `users` (
  `id` bigint UNSIGNED NOT NULL,
  `name` varchar(255) COLLATE utf8mb4_unicode_ci NOT NULL,
  `email` varchar(255) COLLATE utf8mb4_unicode_ci NOT NULL,
  `email_verified_at` timestamp NULL DEFAULT NULL,
  `password` varchar(255) COLLATE utf8mb4_unicode_ci NOT NULL,
  `status` varchar(255) COLLATE utf8mb4_unicode_ci NOT NULL,
  `is_admin` tinyint(1) NOT NULL DEFAULT '0',
  `role` enum('admin','user') COLLATE utf8mb4_unicode_ci NOT NULL DEFAULT 'user',
  `remember_token` varchar(100) COLLATE utf8mb4_unicode_ci DEFAULT NULL,
  `created_at` timestamp NULL DEFAULT NULL,
  `updated_at` timestamp NULL DEFAULT NULL
) ENGINE=InnoDB DEFAULT CHARSET=utf8mb4 COLLATE=utf8mb4_unicode_ci;

--
-- Dumping data for table `users`
--

INSERT INTO `users` (`id`, `name`, `email`, `email_verified_at`, `password`, `status`, `is_admin`, `role`, `remember_token`, `created_at`, `updated_at`) VALUES
(1, 'Admin', 'admin@example.com', '2025-05-16 17:20:01', '$2y$12$cjgoHEDwK0hdB6UFpuKHzugikF7SI0Dx9QdASckdMXZlf3W5fLh3G', 'غير مفعل', 0, 'admin', 'hG5gLwpjpL', '2025-05-16 17:20:01', '2025-05-16 17:20:01'),
(2, 'Pearline Hettinger', 'aliyah37@example.net', '2025-05-16 17:20:01', '$2y$12$cjgoHEDwK0hdB6UFpuKHzugikF7SI0Dx9QdASckdMXZlf3W5fLh3G', 'غير مفعل', 0, 'admin', 'tX3kTOCjI8', '2025-05-16 17:20:01', '2025-05-16 17:20:01'),
(3, 'Nash Wisoky', 'elsie66@example.net', '2025-05-16 17:20:01', '$2y$12$cjgoHEDwK0hdB6UFpuKHzugikF7SI0Dx9QdASckdMXZlf3W5fLh3G', 'غير مفعل', 0, 'user', '1ploJJ4ozZ', '2025-05-16 17:20:01', '2025-05-16 17:20:01'),
(4, 'Sterling Kemmer', 'bradtke.jordon@example.com', '2025-05-16 17:20:01', '$2y$12$cjgoHEDwK0hdB6UFpuKHzugikF7SI0Dx9QdASckdMXZlf3W5fLh3G', 'غير مفعل', 0, 'admin', 'lttP1Ge5MX', '2025-05-16 17:20:01', '2025-05-16 17:20:01'),
(5, 'Cullen Dickinson', 'homenick.karianne@example.com', '2025-05-16 17:20:01', '$2y$12$cjgoHEDwK0hdB6UFpuKHzugikF7SI0Dx9QdASckdMXZlf3W5fLh3G', 'غير مفعل', 0, 'user', '2B41dQVdW2', '2025-05-16 17:20:01', '2025-05-16 17:20:01'),
(6, 'Minerva Roob MD', 'herzog.ressie@example.com', '2025-05-16 17:20:01', '$2y$12$cjgoHEDwK0hdB6UFpuKHzugikF7SI0Dx9QdASckdMXZlf3W5fLh3G', 'غير مفعل', 0, 'user', 'dM65CCaYOH', '2025-05-16 17:20:01', '2025-05-16 17:20:01'),
(7, 'Miss Aurelia Nicolas', 'wilfred00@example.org', '2025-05-16 17:20:01', '$2y$12$cjgoHEDwK0hdB6UFpuKHzugikF7SI0Dx9QdASckdMXZlf3W5fLh3G', 'غير مفعل', 0, 'admin', 'AhEfTQXO8j', '2025-05-16 17:20:01', '2025-05-16 17:20:01'),
(8, 'Lukas Herman', 'raleigh.waelchi@example.com', '2025-05-16 17:20:01', '$2y$12$cjgoHEDwK0hdB6UFpuKHzugikF7SI0Dx9QdASckdMXZlf3W5fLh3G', 'غير مفعل', 0, 'user', 'oaqyl41kTB', '2025-05-16 17:20:01', '2025-05-16 17:20:01'),
(9, 'Stuart Moore', 'estreich@example.net', '2025-05-16 17:20:01', '$2y$12$cjgoHEDwK0hdB6UFpuKHzugikF7SI0Dx9QdASckdMXZlf3W5fLh3G', 'غير مفعل', 0, 'user', 'Nh444VTgXB', '2025-05-16 17:20:01', '2025-05-16 17:20:01'),
(10, 'Lela Kulas', 'frederique37@example.net', '2025-05-16 17:20:01', '$2y$12$cjgoHEDwK0hdB6UFpuKHzugikF7SI0Dx9QdASckdMXZlf3W5fLh3G', 'غير مفعل', 0, 'user', 'h4PSeWOiwZ', '2025-05-16 17:20:01', '2025-05-16 17:20:01'),
(11, 'Dr. Kirstin Greenholt DDS', 'csanford@example.org', '2025-05-16 17:20:01', '$2y$12$cjgoHEDwK0hdB6UFpuKHzugikF7SI0Dx9QdASckdMXZlf3W5fLh3G', 'غير مفعل', 0, 'user', 'IGywHAu8cL', '2025-05-16 17:20:01', '2025-05-16 17:20:01'),
(12, 'Alycia Feeney', 'ernesto.orn@example.net', '2025-05-16 17:20:01', '$2y$12$cjgoHEDwK0hdB6UFpuKHzugikF7SI0Dx9QdASckdMXZlf3W5fLh3G', 'غير مفعل', 0, 'admin', '2oPcx6ckGk', '2025-05-16 17:20:01', '2025-05-16 17:20:01'),
(13, 'Amira Ratke', 'fredy06@example.org', '2025-05-16 17:20:01', '$2y$12$cjgoHEDwK0hdB6UFpuKHzugikF7SI0Dx9QdASckdMXZlf3W5fLh3G', 'غير مفعل', 0, 'admin', 'o9AmumGWdo', '2025-05-16 17:20:01', '2025-05-16 17:20:01'),
(14, 'Reyes Yundt', 'lexi04@example.com', '2025-05-16 17:20:01', '$2y$12$cjgoHEDwK0hdB6UFpuKHzugikF7SI0Dx9QdASckdMXZlf3W5fLh3G', 'غير مفعل', 0, 'user', 'pOj5FVCPIV', '2025-05-16 17:20:01', '2025-05-16 17:20:01'),
(15, 'Brook Hamill', 'shodkiewicz@example.net', '2025-05-16 17:20:01', '$2y$12$cjgoHEDwK0hdB6UFpuKHzugikF7SI0Dx9QdASckdMXZlf3W5fLh3G', 'غير مفعل', 0, 'admin', 'EH3t32rtBQ', '2025-05-16 17:20:01', '2025-05-16 17:20:01'),
(16, 'Ms. Augusta Miller III', 'arjun31@example.org', '2025-05-16 17:20:01', '$2y$12$cjgoHEDwK0hdB6UFpuKHzugikF7SI0Dx9QdASckdMXZlf3W5fLh3G', 'غير مفعل', 0, 'user', 'HLfY0Mm3hT', '2025-05-16 17:20:01', '2025-05-16 17:20:01'),
(17, 'Rodrick Gottlieb IV', 'deckow.durward@example.org', '2025-05-16 17:20:01', '$2y$12$cjgoHEDwK0hdB6UFpuKHzugikF7SI0Dx9QdASckdMXZlf3W5fLh3G', 'غير مفعل', 0, 'admin', 'C9kO4Sp04g', '2025-05-16 17:20:01', '2025-05-16 17:20:01'),
(18, 'Sydni Spencer', 'ytrantow@example.org', '2025-05-16 17:20:01', '$2y$12$cjgoHEDwK0hdB6UFpuKHzugikF7SI0Dx9QdASckdMXZlf3W5fLh3G', 'غير مفعل', 0, 'admin', 'nM0uEmfMBX', '2025-05-16 17:20:01', '2025-05-16 17:20:01'),
(19, 'Miss Elaina VonRueden DVM', 'mauricio.hirthe@example.org', '2025-05-16 17:20:01', '$2y$12$cjgoHEDwK0hdB6UFpuKHzugikF7SI0Dx9QdASckdMXZlf3W5fLh3G', 'غير مفعل', 0, 'admin', 'QryVJhItGB', '2025-05-16 17:20:01', '2025-05-16 17:20:01'),
(20, 'Prof. Silas Jones', 'kaley.abshire@example.net', '2025-05-16 17:20:01', '$2y$12$cjgoHEDwK0hdB6UFpuKHzugikF7SI0Dx9QdASckdMXZlf3W5fLh3G', 'غير مفعل', 0, 'user', '4oe20SYkH1', '2025-05-16 17:20:01', '2025-05-16 17:20:01'),
(21, 'Destiny Casper MD', 'anderson.destiney@example.com', '2025-05-16 17:20:01', '$2y$12$cjgoHEDwK0hdB6UFpuKHzugikF7SI0Dx9QdASckdMXZlf3W5fLh3G', 'غير مفعل', 0, 'user', 'ZUut5jDR7J', '2025-05-16 17:20:01', '2025-05-16 17:20:01'),
(22, 'Ervin Rolfson', 'lhalvorson@example.net', '2025-05-16 17:20:01', '$2y$12$cjgoHEDwK0hdB6UFpuKHzugikF7SI0Dx9QdASckdMXZlf3W5fLh3G', 'غير مفعل', 0, 'user', 'uhHJjKwXQT', '2025-05-16 17:20:01', '2025-05-16 17:20:01'),
(23, 'Dr. Aglae Hodkiewicz', 'gmcglynn@example.org', '2025-05-16 17:20:01', '$2y$12$cjgoHEDwK0hdB6UFpuKHzugikF7SI0Dx9QdASckdMXZlf3W5fLh3G', 'غير مفعل', 0, 'user', 'SJCMLetTw4', '2025-05-16 17:20:01', '2025-05-16 17:20:01'),
(24, 'Berneice Streich', 'uglover@example.net', '2025-05-16 17:20:01', '$2y$12$cjgoHEDwK0hdB6UFpuKHzugikF7SI0Dx9QdASckdMXZlf3W5fLh3G', 'غير مفعل', 0, 'admin', 'LUkcyKVePa', '2025-05-16 17:20:01', '2025-05-16 17:20:01'),
(25, 'Jackson Yundt', 'milford.abshire@example.net', '2025-05-16 17:20:01', '$2y$12$cjgoHEDwK0hdB6UFpuKHzugikF7SI0Dx9QdASckdMXZlf3W5fLh3G', 'غير مفعل', 0, 'user', '9OAkbPXMnQ', '2025-05-16 17:20:01', '2025-05-16 17:20:01'),
(26, 'Mitchel Koelpin', 'prudence.ratke@example.com', '2025-05-16 17:20:01', '$2y$12$cjgoHEDwK0hdB6UFpuKHzugikF7SI0Dx9QdASckdMXZlf3W5fLh3G', 'غير مفعل', 0, 'user', 'aeKMoLS16W', '2025-05-16 17:20:01', '2025-05-16 17:20:01'),
(27, 'Shawn Senger', 'chase.blanda@example.org', '2025-05-16 17:20:01', '$2y$12$cjgoHEDwK0hdB6UFpuKHzugikF7SI0Dx9QdASckdMXZlf3W5fLh3G', 'غير مفعل', 0, 'user', 'VlKo4o0mrj', '2025-05-16 17:20:01', '2025-05-16 17:20:01'),
(28, 'Madilyn Batz', 'alexys28@example.org', '2025-05-16 17:20:01', '$2y$12$cjgoHEDwK0hdB6UFpuKHzugikF7SI0Dx9QdASckdMXZlf3W5fLh3G', 'غير مفعل', 0, 'user', 'xmAIy6TFmc', '2025-05-16 17:20:01', '2025-05-16 17:20:01'),
(29, 'Conner Sipes', 'faustino.paucek@example.com', '2025-05-16 17:20:01', '$2y$12$cjgoHEDwK0hdB6UFpuKHzugikF7SI0Dx9QdASckdMXZlf3W5fLh3G', 'غير مفعل', 0, 'user', 'LuGih8TjBD', '2025-05-16 17:20:01', '2025-05-16 17:20:01'),
(30, 'Fabiola Muller', 'eulalia64@example.net', '2025-05-16 17:20:01', '$2y$12$cjgoHEDwK0hdB6UFpuKHzugikF7SI0Dx9QdASckdMXZlf3W5fLh3G', 'غير مفعل', 0, 'admin', '2J3yhF40Zw', '2025-05-16 17:20:01', '2025-05-16 17:20:01'),
(31, 'Lance Bayer IV', 'norval.morar@example.com', '2025-05-16 17:20:01', '$2y$12$cjgoHEDwK0hdB6UFpuKHzugikF7SI0Dx9QdASckdMXZlf3W5fLh3G', 'غير مفعل', 0, 'user', 'rv0i3KA52o', '2025-05-16 17:20:01', '2025-05-16 17:20:01'),
(32, 'Julie Bosco', 'moen.darien@example.net', '2025-05-16 17:20:01', '$2y$12$cjgoHEDwK0hdB6UFpuKHzugikF7SI0Dx9QdASckdMXZlf3W5fLh3G', 'غير مفعل', 0, 'admin', 'xVnIJ7t9EK', '2025-05-16 17:20:01', '2025-05-16 17:20:01'),
(33, 'Ola Stoltenberg', 'bailey.baumbach@example.com', '2025-05-16 17:20:01', '$2y$12$cjgoHEDwK0hdB6UFpuKHzugikF7SI0Dx9QdASckdMXZlf3W5fLh3G', 'غير مفعل', 0, 'admin', 'Xs1q2FKjFS', '2025-05-16 17:20:01', '2025-05-16 17:20:01'),
(34, 'Prof. Michelle Hirthe', 'dwilliamson@example.net', '2025-05-16 17:20:01', '$2y$12$cjgoHEDwK0hdB6UFpuKHzugikF7SI0Dx9QdASckdMXZlf3W5fLh3G', 'غير مفعل', 0, 'admin', 'uTflD181QK', '2025-05-16 17:20:01', '2025-05-16 17:20:01'),
(35, 'Vance Kohler', 'mauer@example.com', '2025-05-16 17:20:01', '$2y$12$cjgoHEDwK0hdB6UFpuKHzugikF7SI0Dx9QdASckdMXZlf3W5fLh3G', 'غير مفعل', 0, 'user', '7PlVp3aE5C', '2025-05-16 17:20:01', '2025-05-16 17:20:01'),
(36, 'Ms. Madalyn McLaughlin Jr.', 'cheyenne98@example.com', '2025-05-16 17:20:01', '$2y$12$cjgoHEDwK0hdB6UFpuKHzugikF7SI0Dx9QdASckdMXZlf3W5fLh3G', 'غير مفعل', 0, 'admin', '6BeEnoU6zj', '2025-05-16 17:20:01', '2025-05-16 17:20:01'),
(37, 'Dr. Destiny Rohan', 'gfriesen@example.net', '2025-05-16 17:20:01', '$2y$12$cjgoHEDwK0hdB6UFpuKHzugikF7SI0Dx9QdASckdMXZlf3W5fLh3G', 'غير مفعل', 0, 'user', 'blNfp3lZY0', '2025-05-16 17:20:01', '2025-05-16 17:20:01'),
(38, 'Mathilde Yundt', 'wilkinson.alisha@example.com', '2025-05-16 17:20:01', '$2y$12$cjgoHEDwK0hdB6UFpuKHzugikF7SI0Dx9QdASckdMXZlf3W5fLh3G', 'غير مفعل', 0, 'admin', 'g5TOy0tJgo', '2025-05-16 17:20:01', '2025-05-16 17:20:01'),
(39, 'Aiyana Little MD', 'percy.schmeler@example.com', '2025-05-16 17:20:01', '$2y$12$cjgoHEDwK0hdB6UFpuKHzugikF7SI0Dx9QdASckdMXZlf3W5fLh3G', 'غير مفعل', 0, 'admin', 'CXSmtFxObH', '2025-05-16 17:20:01', '2025-05-16 17:20:01'),
(40, 'Miss Virginia Von', 'grosenbaum@example.com', '2025-05-16 17:20:01', '$2y$12$cjgoHEDwK0hdB6UFpuKHzugikF7SI0Dx9QdASckdMXZlf3W5fLh3G', 'غير مفعل', 0, 'admin', 'sbiu1HFwbs', '2025-05-16 17:20:01', '2025-05-16 17:20:01'),
(41, 'Lysanne Conroy', 'jeromy31@example.com', '2025-05-16 17:20:01', '$2y$12$cjgoHEDwK0hdB6UFpuKHzugikF7SI0Dx9QdASckdMXZlf3W5fLh3G', 'غير مفعل', 0, 'admin', 'HSz7EPSbVR', '2025-05-16 17:20:01', '2025-05-16 17:20:01'),
(42, 'Retta Rosenbaum', 'jed18@example.net', '2025-05-16 17:20:01', '$2y$12$cjgoHEDwK0hdB6UFpuKHzugikF7SI0Dx9QdASckdMXZlf3W5fLh3G', 'غير مفعل', 0, 'user', '3cBKXfsJ7U', '2025-05-16 17:20:01', '2025-05-16 17:20:01'),
(43, 'Eliseo Hayes', 'eldora.fadel@example.org', '2025-05-16 17:20:01', '$2y$12$cjgoHEDwK0hdB6UFpuKHzugikF7SI0Dx9QdASckdMXZlf3W5fLh3G', 'غير مفعل', 0, 'admin', 'HxW28uMfyt', '2025-05-16 17:20:01', '2025-05-16 17:20:01'),
(44, 'Mr. Walton Abshire I', 'hermiston.carlee@example.org', '2025-05-16 17:20:01', '$2y$12$cjgoHEDwK0hdB6UFpuKHzugikF7SI0Dx9QdASckdMXZlf3W5fLh3G', 'غير مفعل', 0, 'admin', 'iulNengndM', '2025-05-16 17:20:01', '2025-05-16 17:20:01'),
(45, 'Keara Lueilwitz', 'adaline12@example.com', '2025-05-16 17:20:01', '$2y$12$cjgoHEDwK0hdB6UFpuKHzugikF7SI0Dx9QdASckdMXZlf3W5fLh3G', 'غير مفعل', 0, 'user', 'OYXEbRYC1I', '2025-05-16 17:20:01', '2025-05-16 17:20:01'),
(46, 'Elwyn Lubowitz', 'yritchie@example.net', '2025-05-16 17:20:01', '$2y$12$cjgoHEDwK0hdB6UFpuKHzugikF7SI0Dx9QdASckdMXZlf3W5fLh3G', 'غير مفعل', 0, 'admin', 'ThSjHpP7ok', '2025-05-16 17:20:01', '2025-05-16 17:20:01'),
(47, 'Prof. Dominic Dare', 'zrenner@example.com', '2025-05-16 17:20:02', '$2y$12$cjgoHEDwK0hdB6UFpuKHzugikF7SI0Dx9QdASckdMXZlf3W5fLh3G', 'غير مفعل', 0, 'user', 'RYWwFC1oEs', '2025-05-16 17:20:02', '2025-05-16 17:20:02'),
(48, 'Brycen Langworth PhD', 'lavon40@example.org', '2025-05-16 17:20:02', '$2y$12$cjgoHEDwK0hdB6UFpuKHzugikF7SI0Dx9QdASckdMXZlf3W5fLh3G', 'غير مفعل', 0, 'admin', '5Z93wNGy2d', '2025-05-16 17:20:02', '2025-05-16 17:20:02'),
(49, 'Miss Lavonne Gislason', 'salma.waelchi@example.org', '2025-05-16 17:20:02', '$2y$12$cjgoHEDwK0hdB6UFpuKHzugikF7SI0Dx9QdASckdMXZlf3W5fLh3G', 'غير مفعل', 0, 'user', 'kfeJsrEiwm', '2025-05-16 17:20:02', '2025-05-16 17:20:02'),
(50, 'Jasen Pfannerstill IV', 'kcremin@example.com', '2025-05-16 17:20:02', '$2y$12$cjgoHEDwK0hdB6UFpuKHzugikF7SI0Dx9QdASckdMXZlf3W5fLh3G', 'غير مفعل', 0, 'admin', '8SbFH772vL', '2025-05-16 17:20:02', '2025-05-16 17:20:02'),
(51, 'Christopher Pollich', 'andy45@example.net', '2025-05-16 17:20:02', '$2y$12$cjgoHEDwK0hdB6UFpuKHzugikF7SI0Dx9QdASckdMXZlf3W5fLh3G', 'غير مفعل', 0, 'admin', 'ivcS5OXfUN', '2025-05-16 17:20:02', '2025-05-16 17:20:02'),
(52, 'Narciso Ritchie', 'janet.schimmel@example.com', '2025-05-16 17:20:02', '$2y$12$cjgoHEDwK0hdB6UFpuKHzugikF7SI0Dx9QdASckdMXZlf3W5fLh3G', 'غير مفعل', 0, 'admin', 'bFWHzK3H4l', '2025-05-16 17:20:02', '2025-05-16 17:20:02'),
(53, 'Eleazar Eichmann', 'vhoeger@example.org', '2025-05-16 17:20:02', '$2y$12$cjgoHEDwK0hdB6UFpuKHzugikF7SI0Dx9QdASckdMXZlf3W5fLh3G', 'غير مفعل', 0, 'admin', 'PVzvw7ywfa', '2025-05-16 17:20:02', '2025-05-16 17:20:02'),
(54, 'Jordi Herzog', 'leuschke.jamel@example.org', '2025-05-16 17:20:02', '$2y$12$cjgoHEDwK0hdB6UFpuKHzugikF7SI0Dx9QdASckdMXZlf3W5fLh3G', 'غير مفعل', 0, 'admin', 'Gd3r4OuUU9', '2025-05-16 17:20:02', '2025-05-16 17:20:02'),
(55, 'Alvera Kutch', 'jerrell.mcglynn@example.net', '2025-05-16 17:20:02', '$2y$12$cjgoHEDwK0hdB6UFpuKHzugikF7SI0Dx9QdASckdMXZlf3W5fLh3G', 'غير مفعل', 0, 'admin', 'PLAVPiR3KV', '2025-05-16 17:20:02', '2025-05-16 17:20:02'),
(56, 'Dr. Elvis Heaney', 'beier.rhea@example.org', '2025-05-16 17:20:02', '$2y$12$cjgoHEDwK0hdB6UFpuKHzugikF7SI0Dx9QdASckdMXZlf3W5fLh3G', 'غير مفعل', 0, 'user', 'nyeoUMhLS6', '2025-05-16 17:20:02', '2025-05-16 17:20:02'),
(57, 'Cheyanne Blick II', 'hane.jovany@example.org', '2025-05-16 17:20:02', '$2y$12$cjgoHEDwK0hdB6UFpuKHzugikF7SI0Dx9QdASckdMXZlf3W5fLh3G', 'غير مفعل', 0, 'admin', 'dRFYSRJuKZ', '2025-05-16 17:20:02', '2025-05-16 17:20:02'),
(58, 'Afton Fahey', 'chloe.reichert@example.net', '2025-05-16 17:20:02', '$2y$12$cjgoHEDwK0hdB6UFpuKHzugikF7SI0Dx9QdASckdMXZlf3W5fLh3G', 'غير مفعل', 0, 'admin', '8YUY87U6Uz', '2025-05-16 17:20:02', '2025-05-16 17:20:02'),
(59, 'Noemi Thompson', 'brakus.amya@example.net', '2025-05-16 17:20:02', '$2y$12$cjgoHEDwK0hdB6UFpuKHzugikF7SI0Dx9QdASckdMXZlf3W5fLh3G', 'غير مفعل', 0, 'user', 'yKwwUyVk7T', '2025-05-16 17:20:02', '2025-05-16 17:20:02'),
(60, 'Mrs. Addie Aufderhar', 'keira.lemke@example.org', '2025-05-16 17:20:02', '$2y$12$cjgoHEDwK0hdB6UFpuKHzugikF7SI0Dx9QdASckdMXZlf3W5fLh3G', 'غير مفعل', 0, 'user', 'qpOm1SrePk', '2025-05-16 17:20:02', '2025-05-16 17:20:02'),
(61, 'Omar Mohamed', 'omar@gmail.com', '2025-05-16 17:20:21', '$2y$12$DbdTAYV7JrH07sqQcgMIu.w/FZ6jkLCaVN1ZrvqmN.AU/Az3VtxgS', 'مفعل', 1, 'admin', NULL, '2025-05-16 17:20:21', '2025-05-16 17:20:21'),
(62, 'Ahmed User', 'user@gmail.com', '2025-05-16 17:20:22', '$2y$12$bldP0XveE.E4eJWfy.rNb.Do9zDJSqI2vPR2LuxP5LO7ixIGKtZM2', 'مفعل', 0, 'user', NULL, '2025-05-16 17:20:22', '2025-05-16 17:20:22');

--
-- Indexes for dumped tables
--

--
-- Indexes for table `bookings`
--
ALTER TABLE `bookings`
  ADD PRIMARY KEY (`id`),
  ADD KEY `bookings_user_id_foreign` (`user_id`),
  ADD KEY `bookings_event_id_foreign` (`event_id`);

--
-- Indexes for table `categories`
--
ALTER TABLE `categories`
  ADD PRIMARY KEY (`id`);

--
-- Indexes for table `events`
--
ALTER TABLE `events`
  ADD PRIMARY KEY (`id`),
  ADD KEY `events_category_id_foreign` (`category_id`),
  ADD KEY `events_capacity_index` (`capacity`);

--
-- Indexes for table `failed_jobs`
--
ALTER TABLE `failed_jobs`
  ADD PRIMARY KEY (`id`),
  ADD UNIQUE KEY `failed_jobs_uuid_unique` (`uuid`);

--
-- Indexes for table `media`
--
ALTER TABLE `media`
  ADD PRIMARY KEY (`id`),
  ADD UNIQUE KEY `media_uuid_unique` (`uuid`),
  ADD KEY `media_model_type_model_id_index` (`model_type`,`model_id`),
  ADD KEY `media_order_column_index` (`order_column`);

--
-- Indexes for table `migrations`
--
ALTER TABLE `migrations`
  ADD PRIMARY KEY (`id`);

--
-- Indexes for table `model_has_permissions`
--
ALTER TABLE `model_has_permissions`
  ADD PRIMARY KEY (`permission_id`,`model_id`,`model_type`),
  ADD KEY `model_has_permissions_model_id_model_type_index` (`model_id`,`model_type`);

--
-- Indexes for table `model_has_roles`
--
ALTER TABLE `model_has_roles`
  ADD PRIMARY KEY (`role_id`,`model_id`,`model_type`),
  ADD KEY `model_has_roles_model_id_model_type_index` (`model_id`,`model_type`);

--
-- Indexes for table `notifications`
--
ALTER TABLE `notifications`
  ADD PRIMARY KEY (`id`),
  ADD KEY `notifications_notifiable_type_notifiable_id_index` (`notifiable_type`,`notifiable_id`);

--
-- Indexes for table `password_resets`
--
ALTER TABLE `password_resets`
  ADD KEY `password_resets_email_index` (`email`);

--
-- Indexes for table `password_reset_tokens`
--
ALTER TABLE `password_reset_tokens`
  ADD PRIMARY KEY (`email`);

--
-- Indexes for table `permissions`
--
ALTER TABLE `permissions`
  ADD PRIMARY KEY (`id`),
  ADD UNIQUE KEY `permissions_name_guard_name_unique` (`name`,`guard_name`);

--
-- Indexes for table `personal_access_tokens`
--
ALTER TABLE `personal_access_tokens`
  ADD PRIMARY KEY (`id`),
  ADD UNIQUE KEY `personal_access_tokens_token_unique` (`token`),
  ADD KEY `personal_access_tokens_tokenable_type_tokenable_id_index` (`tokenable_type`,`tokenable_id`);

--
-- Indexes for table `roles`
--
ALTER TABLE `roles`
  ADD PRIMARY KEY (`id`),
  ADD UNIQUE KEY `roles_name_guard_name_unique` (`name`,`guard_name`);

--
-- Indexes for table `role_has_permissions`
--
ALTER TABLE `role_has_permissions`
  ADD PRIMARY KEY (`permission_id`,`role_id`),
  ADD KEY `role_has_permissions_role_id_foreign` (`role_id`);

--
-- Indexes for table `users`
--
ALTER TABLE `users`
  ADD PRIMARY KEY (`id`),
  ADD UNIQUE KEY `users_email_unique` (`email`);

--
-- AUTO_INCREMENT for dumped tables
--

--
-- AUTO_INCREMENT for table `bookings`
--
ALTER TABLE `bookings`
  MODIFY `id` bigint UNSIGNED NOT NULL AUTO_INCREMENT, AUTO_INCREMENT=56;

--
-- AUTO_INCREMENT for table `categories`
--
ALTER TABLE `categories`
  MODIFY `id` bigint UNSIGNED NOT NULL AUTO_INCREMENT, AUTO_INCREMENT=87;

--
-- AUTO_INCREMENT for table `events`
--
ALTER TABLE `events`
  MODIFY `id` bigint UNSIGNED NOT NULL AUTO_INCREMENT, AUTO_INCREMENT=83;

--
-- AUTO_INCREMENT for table `failed_jobs`
--
ALTER TABLE `failed_jobs`
  MODIFY `id` bigint UNSIGNED NOT NULL AUTO_INCREMENT;

--
-- AUTO_INCREMENT for table `media`
--
ALTER TABLE `media`
  MODIFY `id` bigint UNSIGNED NOT NULL AUTO_INCREMENT;

--
-- AUTO_INCREMENT for table `migrations`
--
ALTER TABLE `migrations`
  MODIFY `id` int UNSIGNED NOT NULL AUTO_INCREMENT, AUTO_INCREMENT=15;

--
-- AUTO_INCREMENT for table `permissions`
--
ALTER TABLE `permissions`
  MODIFY `id` bigint UNSIGNED NOT NULL AUTO_INCREMENT, AUTO_INCREMENT=25;

--
-- AUTO_INCREMENT for table `personal_access_tokens`
--
ALTER TABLE `personal_access_tokens`
  MODIFY `id` bigint UNSIGNED NOT NULL AUTO_INCREMENT;

--
-- AUTO_INCREMENT for table `roles`
--
ALTER TABLE `roles`
  MODIFY `id` bigint UNSIGNED NOT NULL AUTO_INCREMENT, AUTO_INCREMENT=4;

--
-- AUTO_INCREMENT for table `users`
--
ALTER TABLE `users`
  MODIFY `id` bigint UNSIGNED NOT NULL AUTO_INCREMENT, AUTO_INCREMENT=63;

--
-- Constraints for dumped tables
--

--
-- Constraints for table `bookings`
--
ALTER TABLE `bookings`
  ADD CONSTRAINT `bookings_event_id_foreign` FOREIGN KEY (`event_id`) REFERENCES `events` (`id`) ON DELETE CASCADE,
  ADD CONSTRAINT `bookings_user_id_foreign` FOREIGN KEY (`user_id`) REFERENCES `users` (`id`) ON DELETE CASCADE;

--
-- Constraints for table `events`
--
ALTER TABLE `events`
  ADD CONSTRAINT `events_category_id_foreign` FOREIGN KEY (`category_id`) REFERENCES `categories` (`id`) ON DELETE CASCADE;

--
-- Constraints for table `model_has_permissions`
--
ALTER TABLE `model_has_permissions`
  ADD CONSTRAINT `model_has_permissions_permission_id_foreign` FOREIGN KEY (`permission_id`) REFERENCES `permissions` (`id`) ON DELETE CASCADE;

--
-- Constraints for table `model_has_roles`
--
ALTER TABLE `model_has_roles`
  ADD CONSTRAINT `model_has_roles_role_id_foreign` FOREIGN KEY (`role_id`) REFERENCES `roles` (`id`) ON DELETE CASCADE;

--
-- Constraints for table `role_has_permissions`
--
ALTER TABLE `role_has_permissions`
  ADD CONSTRAINT `role_has_permissions_permission_id_foreign` FOREIGN KEY (`permission_id`) REFERENCES `permissions` (`id`) ON DELETE CASCADE,
  ADD CONSTRAINT `role_has_permissions_role_id_foreign` FOREIGN KEY (`role_id`) REFERENCES `roles` (`id`) ON DELETE CASCADE;
COMMIT;

/*!40101 SET CHARACTER_SET_CLIENT=@OLD_CHARACTER_SET_CLIENT */;
/*!40101 SET CHARACTER_SET_RESULTS=@OLD_CHARACTER_SET_RESULTS */;
/*!40101 SET COLLATION_CONNECTION=@OLD_COLLATION_CONNECTION */;
